title,performer
00:30 Cabaret O'Clock: Magic vs Burlesque,Arron Jones & Fou Fou Kaboom / PBH's Free Fringe
1 Astonishment 2 Many: Chris Dugdale,Chris Dugdale Int Ents
1 Dazzling Cabaret,Cabaret in the City
#1 Greatest Hit Rock'n'Roll Magic Show,Arron Jones / PBH's Free Fringe
1 Hour of Insane Magic,Insane Productions Ltd
1 Hour of Insanity,Insane Productions Ltd
1 Hour Straitjacket Escape Magic Show,Arron Jones / PBH's Free Fringe
1 Moment in Time,Sean Alexander
3..2..1! Celebration of Short Narrative Works,SaltShake Productions
8 Ways to Break a Glass (with an American Opera Singer),Steph DePrez
11 O'Clock Comedy Cabaret: Spin the Bottle!,Briony Price / Free Festival
18+ Magic – The Magic Show Your Mum Shouldn't See,Illusionary Productions
90s Magic Throwback with Chris Fleming,Chris Fleming
"1954: Ella, Etta, Eartha",Melissa Western
A-List Burlesque and Cabaret,City Burlesque and Cabaret
ABBA – The Singalonga Cabaret,Antony (Dr H) Hubmayer / PBH's Free Fringe
Aboot Time: Moulin-Esque the Scottish Moulin Rouge,STAM Productions
Absolute Burlesque and Cabaret,Sassy School of Burlesque and Cabaret
Absolutely Magic 2026!,Tim Licata Magic / PBH's Free Fringe
After-Hours Burlesque Club 2026,International Fringe Burlesque Festival
Afternoon Comedy and Magic Selection,RGB Monster
Alice Cooper – Welcome To My Cabaret Nightmare,Antony (Dr H) Hubmayer / PBH's Free Fringe
All Religions Explained – The Cabaret Musical,Antony (Dr H) Hubmayer / PBH's Free Fringe
All-Stars Burlesque 2026,International Fringe Burlesque Festival
And Another Unwasted Evening – The Genius of Tom Lehrer,Antony (Dr H) Hubmayer
Andrew Frost: Just Let Me Have This,Plosive Live
Angela Bra's Absolutely Dabulous Drag Bingo,Angela Bra
Assembly Gala Launch,Assembly Festival
At the Drop of a Hat!,Towns & Chatters
Ava Beaux: The Witching Hour,Ava Beaux / PBH’s Free Fringe
Bad Clowns and Good Friends,Bad Clowns Comedy
Banjos and Juggling: A World Vaudeville Adventure,Brian Tomaszewski
Barbara Fernandez Presents: Everything But Stand-Up,Barbara Fernandez and friends
"Barbara Fernandez: Singing, Sagging and Shagging",Barbara Fernandez
Ben Hart: The Labyrinth,Lee Martin for Gag Reflex with
Bernie Dieter's Club Kabarett,Underbelly and VELVICK
The Best Comedy Magic Show You’ll See in the Next 45 Minutes (Probably) at the Free Fringe 2026,Colin Tie / PBH's Free Fringe
Best of Burlesque: New School,International Fringe Burlesque Festival
Best of Cabaret 2026,International Fringe Burlesque Festival
Best of the Fest Daytime,Assembly Festival
Big Gay Afterparty,RGB Monster
Big Naked Variety Show,Paul Savage
The Billy and Elton Singalonga Cabaret,Antony (Dr H) Hubmayer / PBH's Free Fringe
Broken Planet Show,Behave Yourself (formally Broken Ventures LLC)
Burlesque!,Blond Ambition Productions and The Voodoo Rooms Present
CABAPOCALYPSARET,The Creative Martyrs / PBH's Free Fringe
Cabaret of Filth,Kirsty Munro-Graham
Camelton,Cahoots Entertainment in Association with Cahoots Theatre Company
A Case for Magic: For Lovers of Magic and Their Ambivalent Friends,Robert Malissa Magician
Caspar Thomas: The Art of Close-Up Magic (Volume 2),Caspar Thomas Magic
Charlie Caper – Magical,Charlie Caper / PBH’s Free Fringe
The Cheesecake Burlesque Revue,The Cheesecake Burlesque Revue
Clumsy Cabaret: The Dice Decides,Clumsy Cabaret
Colin Cloud: Hoax,Lee Martin for Gag Reflex with Royal Caribbean Entertainment presents
Confirmation Sponsor Variety Hour,Emma Quinlan Baxter and Fenton Lio
The Conjuring Coach,Neal Hyams
Cowboys Comedy!,RGB Monster in association with Pigeon Talk Comedy
Cray Cray Cabaret,Phil Nichol and David Tims
Critique Cabaret,Mandy Harris Williams with Family Affairs Studio (USA)
The Cult of Astaroth,Ash Pryce / PBH's Free Fringe
The Daily Strum,Dan Collins / PBH’s Free Fringe
Dan Bastianelli: The Boy Who Drew Doors,Dan Bastianelli Magician
Dave Reubens – Magic Survival Guide,Dave Reubens / PBH's Free Fringe
David Alnwick: Objectively the Best Magician,David Alnwick / PBH's Free Fringe
David Alnwick: The Haunted Magician,David Alnwick / PBH's Free Fringe
A Different Kind of Heartbreak,Athanasia Kontou
Diva Las Vegas,The Sundaes
DIVAS: From Stage To Screen,BBD Productions
Do You Wanna Go?,David Nehls
Doom and Glitter: A Tribute To Tom Waits,Mr Brake Down / PBH’s Free Fringe
Dr Mew's Sci-Fi Cabaret,SJ Wyatt / Free Festival
The Duo: A Three-Person Magic Show,"Jacob Greenwald, Dan Winter and Charlie Phillips"
EIGHT: The One (Wo)Man Drag King Musical Parody,Hannah Clift
The Electric Cabaret,C presents
Elliot Bibby: Abracadada,Insane Productions Ltd
Eurovision Cabaret – Greatest Hits Semi-Final 1,Antony (Dr H) Hubmayer / PBH's Free Fringe
An Evening with Dame Granny Smith,David Salter
Fempaths: Transistor Radio Hour,Fempath
FLOP! The Best Songs From The Worst Musicals,Arthur Hull presented by Seabright Live
Fungasm: Save or Smash,Fungasm Gameshow
Game Night Live!,Alex Kouvatas / PBH's Free Fringe
Ghost Songs to Die For with Madame Isolde,Most Curious Productions
The Gin Show,Edinburgh Little Theatre
Goose's Big Game Show,Goose's Quizzes
Guys Sing Dolls,BBD Productions
HALF-TIME,Eilir Pierce
"The History of Jazz Piano, and Irrelevant Topics","Bill Cunliffe Music (California, USA)"
"Hot Flush – A Bold, We’re Old(ish) Burlesque Show",High GINxxx presents
Human Jukebox,KAJOLE
The Hypnotist and Mind Reader Live: Comedy Hypnosis and Mind Reading Show,Daniel Sinclair / PBH's Free Fringe
I'm Not Myself Today: A Villainous Cabaret,Simon Shaw
The Improv Magic Show,Cavan Booth
An Insomniac's Dreams,Madeleine Lemay
An Introvert's Guide to Magic,George Hunt / PBH’s Free Fringe
Kane Abel Magicians: Twin Feats,Kane & Abel / PBH's Free Fringe
Kevin Quantum: Invisible Force,KQ Productions
James Phelan: Showman,Showman Live
Jamie Leonard: Blink of an Eye,Jamie Leonard Magic / PBH’s Free Fringe
Jess Robinson: Elton Reimagined,"Jess Robinson, Topper & Fred with Sophie Chapman Management"
Judy Garland Is Fat at Carnegie Hall,Undiscovered Countries
Kirsty's All-Star Big Birthday Singalong Party,Kirsty Newton
The Lady Boys of Bangkok – Full Moon Tour,Exchange Events Ltd
The Language of Dreams: A Crash Course,"REM Doula, LLC"
Liberace and Liza – A Tribute,David Saffert and Jillian Snow
Live at the Manor: Diary of a 7ft Canadian Man in a Dress,Joan-E
"Love, Katiuska",Kat Lozano
Magic Faraway Cabaret with Mister Meredith,Mister Meredith / PBH's Free Fringe
Magic Ink,Lorenzo
Magical Maestro,Oliver Tabor
The Man With the Golden Hands – Stuart Lightbody,Stuart Lightbody / PBH's Free Fringe
Meat Loaf – Just the Best Bits,Antony (Dr H) Hubmayer / PBH's Free Fringe
Manic,Senora Directora
Mason King – The Mind Spy,Elite Entertainment
Max Davidson: Strangers,Max Davidson
Midday Cabaret,RGB Monster
Millicent Sarre is Too Tired to Smash (Patriarchy),Millicent Sarre
Mindreading and Other Freaking Wonders,Christian Lavey
Monty Python's Previous Cabaret Singalong Circus,Antony (Dr H) Hubmayer
My History of Country,Edinburgh Little Theatre
Oil Whiskey,AK INK LLC / PBH's Free Fringe
The Professional Showoff,Andy Boyd / PBH's Free Fringe
"Pure Heaven: Drag, Jazz and Desperation",Kaja Orania
Queen – A Night at the Cabaret Opera,Antony (Dr H) Hubmayer
Rainbows!,Tim Clarkson
Rebel Rebel,Blond Ambition Productions and The Voodoo Rooms Present
Robot Vacuum Fight Club,International Ghost Society
The Rocky Horror Singalonga Cabaret Show,Antony (Dr H) Hubmayer / PBH's Free Fringe
Sarah Hester Ross: Serving C*nt,Sarah Hester Ross
The Secret Room at Lauriston Castle,Edinburgh International Magic Festival
Self Censored,Oscar Brennan
Sexy Circus Sideshow 3.0,International Fringe Burlesque Festival
She Burns,Best Laid Schemes
Sid Ozalid: Amazing Wonders of Scotland,Sid Ozalid
Siegfried Joy: Las Vegas in Edinburgh,Siegfried & Joy
Sing-a-Long Saturdays,Brewhemia
Singalonga Pub Quiz,Mister Meredith / PBH's Free Fringe
Sip Sparkle Skull,Melissa Western
Sir Dickie Benson's Midnight / Midday Mania Cabaret,Drunk 'n' Whispers / PBH's Free Fringe
The Summer I Turned Orange,Deirdre O'Toole
Skank Sinatra: How to Succeed in Show Business Without Really Trying,Jens Radda
Slay the Vamps Down: A Buffy Burlesque Parody,Clumsy Cabaret
Sleight of Sound,John Watson
A Slice of Elvis,Mike McAlpine / Free Festival
"Sodom, The Quintessence of Debauchery",Nikita Matthews Production
Swamplesque,Trigger Happy Productions
Table for Two,Jack Kenyon
Taiwan Season: Birthday Party,Lu Production
Take That Robbie Williams – A Singalonga Cabaret,Antony (Dr H) Hubmayer
Thank You for the Muesli,Flabba
"Thank You, F*ck You and I'm Sorry",Jonny Forever
Theatre: The Musical Cabaret,Ostribian Players
Tia Kofi Presents: The Final FronTia Live,W!ZARD Live
Underground Magic,Edinburgh Magic Company / PBH's Free Fringe
Unmasked – The Magic of Angus Baskerville,Angus Baskerville
Unstoppable,The Performance Academy Scotland
The Upside Down Cabaret Tom Read Wilson: A-Z of Me,Tom Read Wilson
Wanted: Drag or Alive! Trudy Carmichael's Spontaneous Vegas!,TruSongstress Productions / PBH's Free Fringe
Trying My Best,Tom Timon / PBH's Free Fringe
When Harry Met Sally Met Julie Met Jazz Met Kierkegaard Met Jung Met Lovely Johnny Marr,Angela Jackson
The Whisky Show,Edinburgh Little Theatre
Who's The Daddy?,Teena / PBH's Free Fringe
Wrigglers After Dark!,Recitals for Wrigglers
XXX Revue,Blond Ambition Productions and The Voodoo Rooms Present
Your Inner Diva is Showing: Self-Love in Sequins!,Jacqui Randa Drag Cabaret Star
3 Labours: A Hercules Panto,Bristol PantoSoc
101 Ways to Annoy Your Parents... and Other Really Old People!,Last Dodo Entertainment
Abracadabra Family Friendly Magic Show,Alex Kouvatas / PBH's Free Fringe
Adventures! Journey Through Dungeons With Dragons,Donal Vaughan
All New Crazy Puppet Magic Show,Leigh Milne – Scotland's Magic Sensation
Amazing Bubble Man,Louis Pearl
Amazing Family Comedy Bingo: Prizes Galore!,Jes Moon
Anatomy of the Piano (for beginners),Will Pickvance
Anime-Zing Kids!,Soness Stevens Kitano / Free Festival
Awesome Andy – The Show!,Andrew Boyd / PBH's Free Fringe
Barry Potter and the Magic of Wizardry,Racing Sloth Productions
BATSU! Presents: GANBA!!,BATSU! Moon
The Battle of Frogs and Mice,Helicon Storytelling
Battle of the Reefs,Robyn Perkins
Beauty and the Beast,Flying High Young Company
Best of Edinburgh Fringe for Kids,Art of Comedy
"Big Voices, Little Legends",Proscenium Stage School
Billy Banana's Brilliant Bingo,Billy Banana
Bleep Bleep!,Dender Cartoontheater
Boys Don't Dance,Marc Brew Company
Brrr,Hayley Earlam
Bubba-Licious,Last Dodo
The Bubble Show®,The Highland Joker
Cantonese Opera x Children's Interactive Theatre: Dic Dic Chang Chang Playground,One Table Two Chairs Charitable Foundation
CATS – Young Actors Edition,"Theatre with a Twist, Inc"
A Clown's Lullaby,Crested Fools
Comedy Club 4 Kids,Comedy Club 4 Kids Ltd
CeilidhKids at the Fringe,CeilidhKids / Free Festival
Children's Underground Ghost Show,City of Edinburgh Tours
CinderGorilla: The Musical,"Gareth P Jones, The Ministry of Mini Musicals"
A Comedy Magic Show for Kids,Raul Kohli and Thomas De Bernede
ComedySportz,The Totally Improvised Company
Dare To Dream JR,Academy of Expressive Arts (AEA Productions)
Circus The Show,Showmen Productions
Darryl J Carrington: Out of the Box,Darryl J Carrington
Did You Hear What I Saw?,Tom GK and Tom Skelton
Disney's The Jungle Book Kids,Siege of Herons
DIY Circus with Frisco Fred,Frisco Fred / Free Festival
Doktor Kaboom and the Wheel of Science!,Doktor K Worldwide /
Don't Wait For Me... – France Showcase,Vera Rozanova
Dragon Babies,Dragon Song Productions
Dragon Tales,Dragon Song Productions
The Elves and the Shoemaker,Theatre of Widdershins
Explosive Science Show!,Showmen Productions
Family Films Sing-a-Long Encanto!,Family Films Sing-a-Long Encanto!
Fischy Music Children’s Choir Workshop,Fischy Music
Fischy Music Christian All-Age Concert,Fischy Music
Fischy Music Concert featuring the Fischy Children’s Choir,Fischy Music
Flamenkids,TuFlamenco
Float,Starcatchers
The Flying Bubble Show,Maxwell the Bubbleologist
FoRT,Asking For Trouble
Frankie Monroe: A Show for Babies,Frankie Monroe
Frogs in Bogs,Familia
Hello Birds,Jasmine Cole Productions
Godly Play,The Salvation Army
The Greatest Magic Show,Showmen Productions
Heimer,Roarrr Theatre
Hello Beach,Jasmine Cole Productions
A History Mystery,Performing Arts Studio Scotland
The Hobbit,ETC
How to Spot an Alien,Siege of Herons
Hugo's Rainbow Show,Duces Wild & Hugo Grrrl
Humdinger Words for Whippersnappers and Guttersnipes,Ben Dali
Ian and His Talking Fingers Magic Show,Ian Saville
Improv Banana – Kids Comedy,Roy Allaway
Kids Breakfast Klub,Brewhemia
The Letterman,Barroz Productions
The Lion and the Mouse,Recitals for Wrigglers
The Listies: 110% Ready,House of Oz and The Listies
Madame Chandelier's Grand Theft Opera,Delea Shand
Magic Maestros,Matt Watson and John Watson
Magic Spectacular,Jokers Comedy
A Magical Journey to Sichuan,Tianfu School | CCW China Season
Mama G: The Magic Bookmark,The Cosmic Shambles Network
Mario the Maker Magician,"Underbelly, NCM and Mario the Maker Magician"
"Mark Watson Tries to Impress Children, for Some Reason",Impatient Productions
Max Fulham's Monkey Business,Max Fulham
A Midsummer Night's Dream,King School
Monski Mouse's Baby Cabaret Olaf Falafel’s Stupidest Super Stupid Show: This Time It’s Stupider!,Olaf Falafel
Once Upon a Tune,Jaz Alice Music
Owl at Home – Theatr Iolo,Written by Arnold Lobel adapted by Rina Vergano
Piano Dismantling Action,Pianodrome CIC
Monski Mouse's Baby Disco Dance Hall,Monski Mouse
A Picture Book Musical: Milly's Musical Adventure,Grownup Playhouse
Piemaggedon,Some Funny Cluckers
A Pirate Adventure!,Viva Arts and Community Group
Sanxingdui Adventure,Chengdu Fanyi Children's Theatre | CCW China Season
A Pirate's Bedtime,Riverside Theatre Company
Places I Go from My Bed,Katherine McGerr and Erica Murphy / Syracuse University
A Puppet Zoo Adventure!,Steph Ventriloquist
Science Circus,Donal Vaughan
Science in the Round: Things That Spin,See Through Science
The Science Storyteller,The University of Edinburgh – School of GeoSciences
Scottish Family Panto Fun with Mr ButtonZ and The Buttons Show!,The Buttons Show starring Mr Buttonz
Romeo and Juliet for Bairns,Little Supernovas
Seasons,Cardboard Box Theatre Company
SeedHeart,Indigo Moon Theatre
The SEND Bubble Show,Paris Bubbles Entertainment
Serious Nonsense,Ben Macpherson / PBH's Free Fringe
Shakespeare for Kids,C theatre
Shhh! (A Wordless Comedy),Lang Spot Vietnam
Showstopper! The Kids Show,Showstopper Productions / Suzanna Rosenthal Productions
Singing Willows and the Magical Bed,Alexandra Borghino
Slugageddon!,Blue Badge Bunch CIC
Smashing Shakespeare: Brave Macbeth,Captivate Theatre
The Spencer Jones Experimental Kids Show,Soho Theatre
Splash Test Dummies,Underbelly and Dummies Corp
The Storymaster's Tales Interactive Quest Show,Oliver McNeil and Tom Baker (voice) / PBH's Free Fringe
Supervillain,Last Dodo Entertainment
"Ted Hill Teaches You Science, Most of Which Is True",Ted Hill
Telling the Bees,Hoglets Theatre
Tenement Jazz Band: Interactive Live Jazz for Kids,The Jazz Bar
Tongue Twister,Greg Sinclair and Scottish Theatre Producers
Total Sports Mania,Moonlight Theater Company
The Truth About Trees,Apropos Theatre
Tweedy's Massive Solo Show,Underbelly and Tweedy the Clown present
The Twenty-Four Solar Terms,Shanghai Xishang Culture Communication Company | CCW China Season
The Ultimate Bubble Show,Paris Bubbles Entertainment
"Vasthy and Friends: Sing, Dance, Play!",Vasthy and Friends
"Vines, the Golden Dome and the Duck",Limpid Theatre with Zoooii Studio (UK/China)
Who Stole My Hammer?,Myth-Fits
Wow! The Amazing Family Magic Show,Christian Lavey
Wriggle Around the World,Recitals for Wrigglers
0 Ambition – A Jew Running the Numbers,Epic Comedy Berlin
0% British – Evenings: An Irish Stand-Up Comedy Show,Irish stand-up comedians
0 BC: Before Crisis,Liam Jackson
0% British – Mornings: An Irish Stand-Up Comedy Show,Irish stand-up comedians
0% British – Afternoons: An Irish Stand-Up Comedy Show,Irish stand-up comedians
0% Faithful: Can You Solve The Traitors Murders?,Tommy Jollyboat / PBH’s Free Fringe
0 Hair – Bald Man Sings Rhianna,Gary Sansome / PBH's Free Fringe
"£0 In My Savings, And A Fox In My Kitchen",Dan Boerman
0 Plans: A Crowd Work Comedy Show,Reece Kidd and Friends
"0% Shame, 100% Irish!",James Downey / PBH's Free Fringe
0% Shame: A Late Night Comedy Show at Lunchtime,#1ABCOMEDY / Laughing Horse
#1 All-Time Best Comedy Champion: War of the Flags,#1ABComedy / Free Festival
0 to 2 mph in Under 60 Minutes,Ridwan Hussain and Oliver Moore
00s Throwback Party,June Tuesday / Free Festival
0.1% Accurate: Magdalena the Fortune Teller Show,Epic Comedy Berlin
1.45.8 AuDHD: The Dopamine-ing of Life (Autism and Cat Mix),Stags Woodward
1 Big Aussie Showcase,Kurt Sterling
1 Big Oops,Kurt Sterling
#1 Ethnic Comedy Breakfast,Aditya Gautam
1 Funny Fecker: Havin' the Craic with Wes Dalton,Wes Dalton / Free Festival
1 hOur...,Stags Woodward / Free Festival
1 Hour of Clean Comedy,Callum Mackenzie
1 Hour of Headline Comedy,Insane Productions LTD
1 Hour Of LAFS,The London Arts Facilitation Society
1 in 2 Men Think They Could Land A Plane – Could You?,Dan Boerman
1 Irish 1 English: A Stand-Up Comedy Show,Irish stand-up comedians
"2 Boys, 1 Bucket","Kie Carson, Jack Wood"
1 Irishman: A Stand-Up Comedy Show,Reece Kidd
1 MC and 3 Absolute Killers (of Comedy!),Absolute Comedy
#1 Son: The Tale of an Alternative Arab Comedian and His Father,Sammer Elzubaidi and Ridwan Hussain
#1 Worst Comedian in Edinburgh,Peter Bazely
"2 Dad, or Not 2 Dad",Jim Bob
2 Muslim 2 Furious 3: Sharia? I Hardly Know Her!,2 Muslim 2 Furious
2nd Row Comedy Showcase,2nd Row Comedy with MC Luke Ditchfield
2 Slut Drops and a Chicken Burger,Kirsty Munro-Graham
"2 Truths, 1 Lie",Simon Caine
3's Comedy: Lunchtime,3's Comedy
2 White Guys Rapping: Macshane and Delby,Stian Macshane and Daniel Delby
2 Wongs and a White,Nick Schuller and He Huang
3 out of 4 Twats,Backbone Comedy
3's Comedy: Mornings,3's Comedy
3's Comedy: Afternoons,3's Comedy
3's Comedy: Nights,3's Comedy
3's Comedy: Late Nights,3's Comedy
4 Antipodeans Walk into a Bar,Australasian Comedy Showcase
"4 Aussies, For Aussies",Ty Gray / Free Festival
"4 Backpackers, For Backpackers",Ty Gray / Free Festival
4 Better or 4 Worse,Aisha Amanduri and Vlad Ilich
5 Mistakes That Changed History,5 Mistakes That Changed History
6-Minute NERDx Talks by Comedians,David Benaim and Scott Redmond / Free Festival
"4 Teachers, For Teachers",Ty Gray / Free Festival
5 Comedians Do Comedy and Karaoke,Masai Graham
7 Minute Stage,Edinburgh Food Project
"007 Tons of Laughs – World Comedy from Japan, Europe and Beyond",Atsushi Ogata / Globetrot Productions
5 Headliners for £10,RGB Monster
10 Things They Hate About Me,Shinanne Higgins
"30, Burty and Thriving",Burt Williamson / PBH's Free Fringe
11:30am Show Live with Adam Morrison Jones,Adam Morrison Jones
11pm Live at the Big Cave,RGB Monster
12th Annual Haters' Ball,Hate N Live
28.06.1980 (or How A Fake Version of Deep Purple Brought Rock Music to Mexico),Steve McLean / PBH's Free Fringe
30 and F*cked: Alessandra Ford,Alessandra Ford
33 Years Single,Daniel Delby
48 Chicken Nuggets in a Sequin Dress,Charlie Ashton
55 Minutes of Adequately Amusing Jokes And Stories From An Irishman Who Recently Turned 67,Jesters Dublin / PBH's Free Fringe
60 Minutes About Scotland,Scotland Stands UP
99 Red Balloons in a Trench Coat,Off The Mango
100% Badgers with Matt Hobs,Matt Hobs / Free Festival
100% Badgers 2: Badgers vs Hedgehogs with Matt Hobs,Matt Hobs / Free Festival
100% Dry,Justin Cassidy / Free Festival
100% Full Blown Redacted,Mark O'Keeffe
100% Funny Feckers,Wes Dalton / Free Festival
100% Irish Beef – An Irish Crowd Work Show,Darren Gaffney and John O'Keefe
101 Impressions in One Hour,Cal Halbert
100 Million Fish in the Aquarium,Shannon Brooke
101 Naughty Jokes in 30 Minutes,Masai Graham
100% Scouse Comedy,Kyle Legacy and Dean Coughlin
100 Things You Are Overthinking – An Improv Stand-Up Comedy Game Show!,Epic Comedy Berlin
101 Rules for a Better World (by Comedians),Leslie Gold Comedy
101 Comedy Club,Ian Miller / MW Productions / Free Festival
150% Masala Comedy Showcase,Brown Sheep Productions
199 Jokes Before Lunchtime: Danny Matinee!,Danny Matinee
200 Puns in 1 Hour with Roger Swift,Roger Swift / Free Festival
666 the Devil – My Side of the Story,Lucifer MorningStar
800 Pound Gorilla Alumni Showcase,800 Pound Gorilla
1979: Persianality Disorder,Sepideh Kaav
2026 and the Shit Hits the Fan for Vladimir McTavish,Vladimir McTavish
(2026 Greek Comedian of the Year) George Zacharopoulos: The Meaning of Life (Maybe),George Zacharopoulos
2026 Pick of the Fringe,Hoots Fringe
2026 Scottish Comedy Festival's Pick of the Fringe,Scottish Comedy Festival
"10,000 Digits of Pi",Vinay Sagar / PBH's Free Fringe
AAA Comedy Gala,An Alphabetical Advantage Comedy Gala
Aaaaaaargh! It's the One Liner Show,Masai Graham
Aaagony Aunts,Louise Leigh and Pauline Eyre
Aalex Mandel-Dallal: Where Was I?,Aalex Mandel-Dallal
Aarian Mehrabani: How's Your Head?,"Aarian Mehrabani, Commissioned by Lowry"
Abandoman: Afterglow,Underbelly and Rob Broderick
Abbie Edwards: Knee Touch,Abbie Edwards
Abby Govindan: Pushing 30,Salam & Holohan
Abby Wambaugh: Absolute Improv!,TBC Improv UK Ltd
Another World Is Possible (A WIP),Abby Wambaugh
Absolute Monopoly,Benjamin Alborough
Abi Carter-Simpson and Joe McTernan: Stand-Up Couple,Abi Carter-Simpson and Joe McTernan
Abi Clarke – Revenge in Progress,Live Nation
About Comedy: Stand-Up Comedy Course,Laughing Horse Comedy
Absolute Bus Stops of Northern Europe and Beyond,Jim Judges
Absolute Nickhead,Nick Kirk
Achtung! The Only Sauerkraut in Town,Jürgen Strack Productions
Acid With Jesus: A Revolutionary Comedy Show,Andrew Tubman
Ada Bron: The Origin of Love,Queenie Miller for Hat Trick Productions
Adam Bromley: Hyperconnected,Adam Bromley
Adam Flood: Life and Death of the Party,PBJ Management
Adam Greene: The Wizard of Ozempic,Adam Greene
Adam Larter: Who Remembers the 90s?,Adam Larter
Adam Riches: The Critic's Way,Adam Riches
Adele Cliff: Work in Progress,Adele Cliff
Adele Cliff’s Topical Early Late Show With Adele Cliff,Adele Cliff
ADHD: A Crowdwork Comedy Show,Brendon Lemon
Adi Parmar: Sunny Boy,Pierrot Productions
Aditya Mayya Pretends to Be Sad,Aditya Mayya
Adrian Minkowicz: Latin America,Double the Bet / PBH's Free Fringe
Adrian Minkowicz: The Hand of God,Double the Bet / PBH's Free Fringe
ADULT LESSONS,George Dobson and Charlie Kettell
Adults Only Magic Show,Showmen Productions
The Adventures of Jasper Cromwell Jones,Millerbor
Adventures of the Improvised Sherlock Holmes,Ghostwriters
Affirmation (WIP),Josh Invain / PBH's Free Fringe
After Arthur,Jack Scullion / PBH's Free Fringe
Afternoon Nap – Peter Bazely,Peter Bazely / Free Festival
An Afternoon With Clinton Baptiste,Alex Lowe
Ageing Disgracefully: A Glass Ceiling-Smashing Comedy Showcase,Steve McLean / PBH's Free Fringe
Ahir Shah: Golden,Country Mile Productions in association with Avalon
Aidan Greene: Stuttermilk Pancakes,Lisa Richards
Aidan Jones: Chopin's Nocturne,Ingenious Fools Ltd
Aidan Jones – JS Bach,Aidan Jones
Aideen McQueen: Wo-Manosphere,Aviary Talent
Airplane Baby,Max Elias
Alan Jay: Hell Hath No Humour Like a Gayboy Scorned,Alan Jay
Alan Palmer (A Little Bit Gay),Palmer Productions
Alastair Clark: On The Record,Snap The Arrow / PBH's Free Fringe
Alcohol Free Comedy,Andy Roach / Sentia Spirits
Alcohol Is Good For You,Laugh Mob
Alex Camp: Dopamine Rat,Alex Camp
Alex Edelman: What Are You Going to Do,Alex Edelman
Alex Franklin: Kiss Me x,Alex Franklin
Alex Kitson: Now Look Here,Salam & Holohan
Alex La: Fool as Hell,Alex La
Alex Leam: Two Turntables and a Microphone,Alex Leam / PBH's Free Fringe
Alex Leam's Absolute Scenes,Alex Leam / PBH's Free Fringe
Alex Love: How To Win A Pub Quiz 2026,Alex Love
Alex Mason: Obsessed,Alex Mason / PBH's Free Fringe
Alexander Bennett: All It Takes,Alexander Bennett / PBH's Free Fringe
Alexis Sakellaris: CHILD STAR (Work in Progress),Alexis Sakellaris
Alfie Brown: The Entertainer,Alfie Brown
Alfie Dundas: First Class Panic,Curtis Brown
Alfie Moore: Fair Cop – Live!,Alfie Moore
Ali Brice: This Is The Way We Brush Our Teeth,Ali Brice / Hoots
Ali Woods: Working on it Part Two: The Revenge,Ali Woods
Alice Fraser: Oh Man!,Lee Martin for Gag Reflex
Alice Keys: Rocket Fan,Alice Keys
Alison Spittle: Finger Guns (Work in Progress),PARKAS at Independent Talent
All Killa No Filla: Live!,Berk's Nest in association with PBJ Management
All the Animals: Ranked (by Comedians),Leslie Gold
All Tied Up,To&Fro
Alternative Medicine,Alternative Medicine
All You Can Eat Continental Buffet,All You Can Eat / Free Festival
ALOK: Eat Pray Leave,AEG Presents
Alt or Nothing: Alternative Comedy Showcase,Hoots Fringe
The Alternative Comedy Memorial Society,The Alternative Comedy Memorial Society (ACMS)
Amanda Dwyer: Better Than Revenge,Amanda Dwyer
Amanda Hursy: Death of a Saleswoman (WIP),Amanda Hursy
Amelia Bayler: It Me Baby One More Time (WIP),Amelia Bayler
Amelia Hamilton: Moral Support,Impatient Productions
American Assholes: Escape to Edinburgh,In the Midst Productions
An American Comedy Show That Quite Possibly Might Be Funny to the British,Brendon Lemon
Among the Pigeons,TBC Improv
Amy Annette: Say What You Like About Me,Brass Tacks Comedy
Amy Matthews: Definitions of Toast,Amy Matthews
Amy Webber: Joy Ride,Amy Webber
Ana Little: Dating Through the Ages,Ana Little
Anarchy Cabaret Presents: West End New Act of the Year Showcase 2026,Steve McLean / PBH's Free Fringe
&,Michael Thomas Kennedy
Andre's Guide to Women,The Moon Pact / PBH's Free Fringe
"Andrew and Carrie: A Night of Comedy, Violins and Violence",Andrew Cornelius and Caroline Nagy
Andrew Cornelius: American Apology Tour,Andrew Cornelius
Andrew Doherty: Reviewers Welcome... TO DIE!,Avalon
Andrew Maxwell,GetComedy / Eejits of the World
"Andrew O'Neill: A Short, Aggressive Lecture On Krill. Then Jokes",Andrew O'Neill
Andrew O'Neill's History of Punk,Andrew O'Neill
Andrew Ryan: Honest Capacity,Off The Kerb Productions
Andrew White: What a Life!,Ebdon Management
Andy Barr: A Comet Appears (WIP),Andy Barr
Andy Field: Giddy Up,Andy Field
Andy Roach: Best Comedy Newcomer,Andy Roach
Angel Comedy Showcase,Angel Comedy
Angela Bra – Secret Diary of a Bingo Call Girl,Angela Bra
Angle of the North: Natalie Durkin,Natalie Durkin / PBH's Free Fringe
Ania Magliano: Peach Fuzz,Country Mile Productions in association with Avalon
Animal?,Gabrielle MacPherson / Free Festival
Anime-Zing! Game Show,Soness Stevens Kitano / Free Fringe
Anja Atkinson: Calmer Comedian (WIP),Anja Atkinson
Anna Beros – High Hoe,Adults Only Comedy Berlin / Free Festival
Anna Beros – The Devil in Miss Beros,Adults Only Comedy Berlin / Free Festival
Anna Leong Brophy: Born Sexy Yesterday,Impatient Productions
Anu Vaidyanathan: Allegory,Avani Films
Anna Thomas: How to Juggle a Ferret,Blue Book Artist Management
Annabelle James: Annabalism,Annabelle James
Annie Boyle: To All The Boys I've Loved Before,Bright Side Presents
Another Compilation Show Beginning With A,Tom Mayhew
Anti-Fascist Pasta Night,Ron Placone / Free Festival
Anyone For Tennis?,Pauline Eyre
Aoife Dunne: Good Grief,Aoife Dunne
Arabs and Asians,Salam & Holohan
The Ardbeg Comedy Lounge,Jane Ross and Hannah Ireland
Ari Eldjárn: The Icelander's Guide to Europe,Mick Perrin Worldwide
An Asexual Show About Cunnilingus by Eliott Simpson,Eliott Simpson / Free Festival
Armageddon Outta Here,Tom Johnson and Chris Roberts
Around the World in 80 Puns,Iain MacDonald / Free Festival
Artificially Intelligent Procrastinating Pundit,Denzil de Cristo
Ashish Vijh – Performative Male,Ashish Vijh
"Ashley Haden: Genocidal Liberal 2, Electric Boogaloo",Ashley Haden / Free Festival
Ashley Haden Presents Crosswords,Ashley Haden / Free Festival
"Asian, But Wrong",Ting Lim / Free Festival
The Asian Comedy Showcase,Bowtie Productions / Free Festival
Australia's Least Decorated Soldier,Jarryd Goundrey
Ask A Stripper: The Champagne Room,Ask A Stripper
An Audience with Charles Manson,K4K Films and Shortcut Productions
August McEachern: Be My Friend,August McEachern
Austentatious: An Improvised Jane Austen Novel,Show And Tell
Australia: A Comedian's Guide,Dan Willis / PBH's Free Fringe
Awkward and Depressed,Tim O'Hare
¡Ay! Papi: Jilberto Soto,Jilberto Soto
Ayo Adenekan: Homeland Insecurity,Brass Tacks Comedy and United Agents
Ayoade Bamgboye: Small Talk (WIP + Q A),Berk's Nest in association with PARKAS at Independent Talent
Ayoade Bamgboye: Swings And Roundabouts,Berk's Nest in association with PARKAS at Independent Talent
B48Y Crash Lands on Earth!,Lukas Meintjes
Barcelona Comedy Tapas: Bite-Sized Stand-Up,Christopher Groves
Baby Lame: Hit Me Baby One More Lame!,BIGHEAD Comedy
Baby Wants Candy,Baby Wants Candy
Back to the Fracture,The Malignant Humours
Bad Dates Anonymous: Dating Horror Story Confessions by Top Stand-Ups,RGB Monster
Bad Magicians – Improv to Make You Feel,Bad Magicians
BATSU!,Underbelly and BATSU! Moon
The Battered Book Club,PBJ Management
"""Be Good!"" with Paulette",Daniel Maseda
The Beat Goes On,The Glummer Twins
Beat the Comic,Some Funny Cluckers
Beer with a Queer,Jeff Klein
Bebe Cave: Swoon,BIGHEAD Comedy
Bec Hill's Work In Progress,Bec Hill
"Becky Fury: My Dad Paints Rainbows, Your Dad Paints Roundabouts",Becky Fury
Becky Umbers: Tell That Horse To Keep His Mouth Shut (WIP),RBM Comedy
Bedlam Late,Bedlam Fringe and Liebenspiel Proudly Present
Behemoth: StarStuck,Club Sandwich Productions
Behind the Laughter,Henry Churney T/A Laugh For Life Comedy (LFLC)
Bella Hull: Mad Cow Disease,Queenie Miller for Hat Trick Productions in association with Avalon
Bella Humphries: Big Sister Energy,Bella Humphries
Ben Ashurst: The Worst Man,Ben Ashurst / Free Festival
Ben Miller: All the Things That Are Wrong with My Body (WIP),Ben Miller
Ben's Book Club,Mirador Talent Group
Ben Pope: Work in Progress,Ben Pope
Benefit Gala for Lui,Various
Benji Waterhouse: Madsplaining (WIP),Benji Waterhouse
Benji Waterhouse: Second Opinion (WIP),Benji Waterhouse
Bennet Kavanagh and Sasha Ellen: Get a Room,Bennet Kavanagh and Sasha Elle
Berk Karan – Dul,TuzBiber Stand-Up
Best in Class,Best in Class CIC
The Best Nerd Fest Showcase,Bowtie Productions / RGB Monster / Free Festival
Best of Edinburgh Fringe Comedy,Art of Comedy
Best of Edinburgh Showcase,Joss Jones at Cosmic Comedy / EdCom Productions
The Best of Jay Sodagar,Jay Sodagar
The Best of Scottish Comedy,The Stand Comedy Club
Best of So You Think You're Funny?,Gilded Balloon
Best of the Fest,Assembly Festival
Best of the Fest: The New Class,Assembly Festival
Best of the Queer Fringe,The Queer Comedy Club
Betsy Carroll's Slippery When Wet,Betsy Carroll
Biff to the Future,Joseph Maudsley directed by Daniel Clarkson produced by Seabright Live
The Big Fat Whisky Quiz,Jane Ross and Mike Doherty
Big Naked Comedy Show,Paul Savage
The Big Show: Monkey Barrel Comedy's Fringe Showcase!,Monkey Barrel Comedy and various artists
Big Tobacco's Pinocchio,Big Tobacco
Big Value Showcase,Standing On Productions
Bilal Zafar: Rubicon,Bilal Zafar
Billy Kirkwood: Mayhem,Billy Kirkwood
Bin Fire,Jacob Hatton and Richard Stott
Birdbrained,The Sketchy Gooses
BIRDS: Alex Hines and Sarah Stafford,House of Oz and Sons of Susan
Biscuit Barrel: The 69-Sketch Show,The Biscuit Barrel
Bite Me Comedy,Bianca Boorer and Francesca Rainey
The Bite: Mixed-Bill Stand-Up,Stags and Hogg / Free Festival
Bits 'n' Pieces,Craicatoa Comedy
Blind Mirth Presents: Improv with a Twist,Blind Mirth
Blip Barp: An Alien Love Story,Alicia Queen
Blizzard (WIP),Piotr Sikora
Blood Me Up Marjorie!,Steve Hemsley and Aly Cranston from Project M Productions
Blood on the Clocktower: Live,Treehouse Entertainment in association with The Pandemonium Institute
Bob Graham – Tap Dancing on a Sinking Ship,Drumhead Comedy / Bob Graham
Bob Koomen: Pear,From Amsterdam
Bone Man Rides Again,Bone Man / PBH's Free Fringe
#BorderlandsComedy,Justin Cassidy / Bunny Martinez / Free Festival
Bloody Knees,Bloody Knees
Bloomin' Late,Seriously Funny Business
Bound and Gags,Thao Cao
Boxticker,Becky Price
Brainwashed,Alina Konon
Bread and Circuses,Seamus Lavan
Brit Barron: CHURCH,Brit Barron
British. Broken. Chinese. (WIP),Vinny Shiu
The Breakfast Club,Ben Ashurst / Free Festival
Brendan Scannell: The Abyss,RBM Comedy
Bring Yer Bairn Comedy,Good Egg Comedy
Britney: Holy Mackerel!,Country Mile Productions
Broads in the Attic,Broads in the Attic
Bróccán Tyzack-Carlin: Good News! It's Been Destroyed,Salam & Holohan
Bron Lewis: Chaos,Impatient Productions
Bruce Devlin: Mummy Loves M S,Bruce Devlin
Bruce Fummey: Scotland Made the World,Bruce Fummey
Brunch Show – Jake Patrick (WIP),BITS
The Brush,Incidental Films LLC
Bryn Woz: SMUT,Bryn Woz
Buddha vs Jesus,Raul Kohli / A Comedy Brand
The Buddha Wears Prada,Sofia May
A Bunch of Characters – Hugo Hayes,Hugo Hayes
Burce Tutku Tuncali: Perfectly Imperfeckt!,Burce Tutku Tuncali
Burger and a Pint: Treats for the Soul,Impatient Productions
Buse Sinem İren,TuzBiber Stand-Up
Butter,Richy Sheehy / Free Festival
Cabbage the Clown: Cinemadrome,BIGHEAD Comedy
CADET KELLY IS THE BEST MOVIE I'VE EVER SEEN IN MY FRIGGIN LIFE,Ben McCarthy
Caitriona Dowden: Sesh Head,Caitriona Dowden / PBH's Free Fringe
The Cambridge Footlights Tour Show 2026,The Cambridge Footlights
The Cambridge Impronauts,The Cambridge Impronauts
Camilla Borges: Be Not Afraid!,Camilla Borges
"Candace Bryan: Don't Be Ridiculous, Everybody Wants This",Candace Bryan
The Candidates,The Party's Dead Productions
Captain Code,Ziyin / Free Festival
Carl Carzana THE Comedian Creative Genius,Carl Carzana / Free Festival
Carl Donnelly: Extra Show!,Ebdon Management
Carnival of Light,Consignia
Caroline McEvoy: RAGIN' (Work in Progress),Caroline McEvoy
Carwyn Blayney: Work in Progress,Carwyn Blayney
Casey Filips: What a Character,Casey Filips
Catherine Bohart: Work in Progress,Soho Theatre
Cecily Hitchcock: Family Recipe,Avalon
Celine Kuklowsky: Bed Boy,Celine Kuklowsky
Celya AB: We Must Stop Meeting Like This,Berk's Nest in association with PBJ Management
Cerys Bradley: On Road Signs WIP,Ingenious Fools Ltd
Chad Goes Deep – Chill Towards Enlightenment,Live Nation
Charlene Kaye: Diversity Shredder,Charlene Kaye
Charlie Lewis: Hungry!,Charlie Lewis / Free Festival
Charlie Vero-Martin: Poltergeist (WIP),Charlie Vero-Martin
ChatLGBT,"Bianca Boorer, Jordan Bonner, Willow Marler, and Robert Gould"
Chloe Campbell Bites Back,Chloe Campbell
Cheese Chuckles,Sarah Conrad
Chef! Gimme One of Everything!,Ricky Mayhem
Chelsea Birkby: Is In Full Control The Entire Time,Chelsea Birkby
Cheryl Hurst: Lots More Mr Nice Guy,Cheryl Hurst
Chief Petty Officer,Neon Flamingo
Chloe Jacobs: Twilight: Breaking Down,Chloe Jacobs
Chortle Student Comedy Award Final,Chortle
Chris and Lizzie Hall present: Stay Hydrated Live!,W!ZARD Live
Chris Cantrill: Rewilding,A Lovely Time
Chris Forbes: Father Christmas,Brass Tacks Comedy
Chris Forbes: Stop Watering Dead Flowers,Chris Forbes
Chris Grace: 88%,Chris Grace
Chris Martin Lied To Us,Will Spence
Chris Parker: Take A Good Hard Look At Me,Berk's Nest in association with Jubilee Street Management
Chris Rutter: Ignorance Is Chris,Chris Rutter
Chris Turner: In The Moment,Chris Turner
Christian Dart: GUMSHOE!,Christian Dart
Christof(oros) Epaminondas and Friend(s): Way Too Supportive,Christof Epaminondas
Christopher Beanland: Hipster Hell – Small Plates Ruined My Life (WIP),Christopher Beanland / PBH’s Free Fringe
Christopher Hall: Pizazz,Mick Perrin Worldwide in association with PBJ Management
CHUCK,Carolyn Castiglia / PBH's Free Fringe
CIA Shaman,Jessica Brodkin
The Circus of Public Opinion,Leamprov
Cobin Millage and Pete Carson: Touching Tips (with Friends),Cobin Millage and Pete Carson
Citizen Chen,Scarlet Productions
CK Nath: 'A Bit of Foreign Stuff' (WIP),CK Nath
Claire Robin: NUN SLUT,Claire Robin
A Clean Comedy Show,Callum Mackenzie / Free Festival
Closure Cabaret,Maria Ansdell
"Cobin Millage: I Promise That I Am Banksy, and There's No Reasonable Way for You to Prove That I'm Not (WIP)",Cobin Millage
Coco The Time-Travelling Tart,Max Norman
Cody Dahler Presents: The Truth (In My Opinion) LIVE!,Cody Dahler
Comedian Cover Bands,100% Comedy / Free Festival
A Comedian's Drinking Game,Presented by Raul Kohli
A Comedian's Guide to Birdwatching,Donal Vaughan
Comedy Brunch,Only Joking Comedy
The Comedians Paradise,Marvin McCarthy
Comedians Play Video Games,"Jake Baker, Steffan Alun, Cerys Bradley"
Comedians Pub Games and Beer Mat Flipping,Stuart Laws
Comedy Against Humanity (321... on Fire!),Rise Above Performances
Comedy Bingo,Laugh Mob Entertainment
Comedy Canopy,Stephen Gordon presents...
The Comedy Chaos Gameshow,Kie Carson
Comedy Compilation Show,Adam Morrison / MW Productions / Free Festival
Comedy for the Curious: 2026,Robyn Perkins
Comedy Headliners,Last Dodo Entertainment
Comedy in the Dark,Standing On Productions
Comedy Lock-in,RGB Monster
Comedy Night at the Museum,Gilded Balloon
Comedy Queers,Best in Class CIC
Comedy Sheep: All Star Stand-Up Showcase!,Comedy Sheep
Comedy Striptease,Laugh Mob Entertainment
A Comedy World Cup,Laugh Mob Entertainment
Comfortable,Hanna Kanon / Free Festival
Coming Through,Pure Leo Ltd
A Complete Idiot's Guide to New Zealand,Sully O'Sullivan
Confessions of a Serial Mother,Emma Buckle
Connor Burns: FLOW,AYD and MZA present
Connor Burns: FLOW (Plus Support),AYD and MZA present
Cool WIP Club,Best in Class CIC
The Confessional,Daniel Delby and Cameron McLaren
Cordelia Graham: Faint Heart Never F*cked A Pig,Cordelia Graham
Cosmopolitan – Aliki Tsakoumi,Aliki Tsakoumi
Creepy Boys: SLUGS,Creepy Boys
Couplet: Folk Marry Kill,Couplet
Courtney Büchner: One of the Girls,Salam & Holohan
Craig Hill: You're Not Even Safe Up the Back!,"AYD, MZA and CHiLL present"
Craig Speirs: Problem Child,Craig Speirs
Craig Wilson: This Might Be Nothing,Craig Wilson
The Cringe Factor: Rock’n’Roll Part 2,"Laughing Horse Comedy, Ian Fox and Free Festival Funny Cluckers"
Critics' Choice Comedy Showcase,RGB Monster in association with British Comedy Guide
CROWD WORK,Avalon
Crowley Time: Link's Gambit,Tom Crowley
Crudi Dench: Someone Help Her!,Crudi Dench
Crybabies: The Scaring,Francesca Moody Productions in association with Plosive Live
Cut Off,Noah Matthews and Max Devine
Crystal Unclear: An Improvised Séance,Shellshock! Improvised Comedy
CSI: Crime Scene Improvisation,The Chandeliers
Cult,Nevermore Theatre
CVNT,Sophie Power
Cyberbully,Kat Baker and Lucy Hassett
Cyclopath Stand-Up and Songs Vol III,Dion Owen
Cüneyt Nergiz,TuzBiber Stand-Up
CUT,Paperlight Theatre
"Dad, White and Blue",Ben Herwitz
"Daisy M Stone: Well, This Is Sketchy",Daisy M Stone
Damn Me (to Hell),The Elephant and the Mouse
Dan James: Lucky,Dan James / Free Festival
Dan Kelly: How I Went to Every Supermarket in the World,Dan Kelly
Dan Rath: Help Me Please,Dan Rath
Daniel Downie: Alba,Daniel Downie
Dane Buckley: Darling,Off The Kerb Productions
Daniel Foxx: How Lovely.,Off The Kerb Productions
Daniel Petrie and Valeria Vulpe,And Your Dog Presents
Darren Walsh: It's a Quarter Tutu,Darren Walsh
Daniel Sloss: BITTER,"AYD, MZA and Get Slossed present"
Darryl J Carrington: Tennish,Darryl J Carrington
"Danny O'Brien: Sure Look, Be Grand.",Danny O'Brien
Dave Chawner: Dry Humour,Dave Chawner
Danny Ward: The Holiday,Danny Ward / PBH’s Free Fringe
Darren Gaffney: The Full Gaffney,Darren Gaffney / Scottish Comedy Festival
Dave Durkan: Durk in Progress,Ebdon Management
David Alnwick: Magician. Not Creepy.,David Alnwick / PBH's Free Fringe
David Correos: Noise Zealand,IAM in association with Century and Notorious
David Elms Describes a Room,Celia Dugua and Berk's Nest in association with PBJ
David Hoare: How To Live To 100,David Hoare
David Hoskin: Little Bit Horrible. Little Bit Good / Death Clock (WIP),David Hoskin
Davina Bentley: Dancing While Old,Blue Book Artist Management
Davro's Back! Bobby Davro,Bobby Davro
Dead Parent Society – Chris Groves,Christopher Groves
David O'Doherty: At This Stage,David O'Doherty
David Tsonos: Club Comedian,David Tsonos
David William Bryan Dies On Stage,David William Bryan
Deage Paxton: Dead Man's Hand,Deage Paxton
Deage Paxton: Immature,Deage Paxton
Dee Allum: Raumdeuter,Chambers Touring Ltd
Deirdre O’Kane – Work in Progress,Deirdre O'Kane / Blue Book Artist Management
Demi Adejuyigbe Sells Out,Soho Theatre
Deniz Göktaş,TuzBiber Stand-Up
Derek Demko's Last Day of Camp!,Derek Demko
Derek Mitchell: Work in Progress,Impatient Productions
Destroy Capitalism or Die Tryin' (WIP),Tom Mayhew
The Devil Wears Primark,Rachael Milne
Devin Gray: Golden Retriever Energy,Devin Gray Comedy
Disabled Cants,Ingenious Fools Ltd
Ditko,Astro Domino
Do the Thing: Choose Your Own Musical,Do the Thing / Free Festival
The Dodgy Accent Show,1k Comedy Productions / Free Festival
Dreamgun Film Reads,Dreamgun Film Reads
Dom McGovern: Prize Hog,United Agents
"Doris, Dolly and the Dressing Room Divas",Gilded Balloon
Dru Cripps: Juicy Bits,Dru Cripps
The Drunk and Heckle Show,David Tsonos
The Double G Comedy Rodeo,Double G Comedy
Dr Jimmy: First Steps Into the Gay-niverse,James Robert Lyon / Free Festival
Dr Kara Kibara – The Love Guru,"Joyce Lao,produced by The Ally Artists Group"
The Durham Revue: Raiders of the Lost Laughs,The Durham Revue
Eat Pray Cult,Amy Brown Carver / Free Festival
Ed Byrne: Work in Progress,Ed Byrne / Free Festival
Edinburgh Comedy Allstars,Underbelly Productions
Ed Gaughan: The Emperor,Ed Gaughan
"Ed Mulvey: For Sale – Dead Dog, Never Worn",Ed Mulvey / PBH's Free Fringe
"Ed Night: We'll Be Alright, Darling",Standing On Productions
Ed Patrick: Numb and Number (Work in Progress),Ed Patrick
Edinbra Fringe Comedy,Art of Comedy
Edinburgh Fringe Comedian of the Year,Need To Know Comedy
The Edinburgh Fringe Comedy Podcast: Live Recording,RGB Monster
Edith Alibec: The Void,Edith Alibec / PBH's Free Fringe
Ele McKenzie: Bringing It All Back Home,Country Mile Productions in association with PARKAS and Independent Talent
Eleanor Morton: The Mermaid,Eleanor Morton
The Elephant in the Room: An Improvised Comedy Show,Leamprov
Elouise Eftos: Aphrodite,Show And Tell in association with Century and Curtis Brown
Elf Lyons is The Woman on the Edge,Mick Perrin Worldwide in association with PBJ Management
Eli Matthewson: Blood Bender,ELI MATTHEWSON
Elise Harris: Better Be Best,Elise Harris / PBH's Free Fringe
Ellie Summerling's Tomato Soup,Ellie Summerling
Elliot Wengler: Jokemon,Elliot Wengler / Select Comedy Productions
Em Humble: Lady of the Lakes,IAM
Em Stroud: Navigating Life,Bo Warner Productions
Emma Davies: You Are All Resources,Emma Davies
Emma Doran: Emmaculate,Avalon
Emma Holland: The Dog Dies at the Start,Impatient Productions
"Emoji: The Hieroglyphs of Our Time, or how I learned to stop worrying and send the risky text","Aarushi Agni (New York, USA)"
The End of Reason,"Olly Miller, Hannah Lloyd Davies and Dillon Harris"
"An Englishman, an Irishman and a Scotsman","Danny O' Brien, Rick Molland, Billy Kirkwood"
Emmanuel Sonubi: What's Next? (WIP),Emmanuel Sonubi / PBH's Free Fringe
Emmeline Downie: Gail,IAM
"Emmy Fyles: Not Like That, You're Doing It Wrong",Emmy Fyles
Enrico Touché: Hot Knees,Enrico Touché
Enterteasement: Comedy! Magic! Burlesque!,Enterteasement
Eppie Brilliant and Gareth Harrison: Alright Now,Gobful Promotions
Eric Lampaert: Zero Minus One,Eric Lampaert
Eric Rushton: Could Well Be In,Chambers Touring Ltd
Eric's Tales of the Sea – A Submariner's Yarn,Eric
Eryn Tett: Tasting Menu,Eryn Tett
Escocia con Ñ,Jotace Loaiza
Esther Manito: Ranting Queen (Work in Progress),Ebdon Management
Ethan Gigi Present: THE MOVEMENT,Ethan & Gigi
Eva Peroni: Jungled,Brass Tacks Comedy
Evaldas Karosas: A Very Capable Man,Off The Kerb Productions
...Eventually by James Beckett,James Beckett
Every Day's A School Day,Mark Row
Extraordinary Alien,Debra Tammer
Every Ghost Story Ever,Four Presidents
Every Single Sound in the World,Natalie Patuzzo
Everybody's Dating Ollie,Oliver Yates
The Ewart Bros present: Fraudcast,Scratchcaird Productions
Excel Comedy and Mathem-antics,David Benaim
Fab Goualin: Mixed Messages,AEG Presents
Fabled: The Improvised Fantasy Adventure,Fabled: The Improvised Fantasy Adventure
Face vs Face,Big Weasel Lil Weasel
Fakespeare,Patchwork Theatre
Fanny Bleach: The Nearly Naked Show,BIGHEAD Comedy
Fast Fringe,Chortle in association with Gag Reflex
Fatiha El-Ghorri: Cockney Stacking Doll,Off The Kerb Productions
A Feast of Comedy,Stand Up Sanctuary
Felicity Ward: I Wish I Could Come Out of My Shell,Ebdon Management
Filthy Funny Females,Katharyn Henson / Free Festival
Felt Nowt: Nerds Assemble,Neil Harris
Feral Daydreams,Levi Childs
Finlay Christie: Champagne Casanova,Blue Book Artist Management
Fiona Allen: White Lies,Fiona Allen
Follow,Efdé&Efdé / PBH's Free Fringe
Frank Skinner: Work in Progress,Avalon
Fool On Comedy Crew,Raymond Mearns and Fool On
Frankie McNair: Huge Ass Mindset,Soho Theatre
Francisco de Nata,Francisco de Nata
The Frank Carson Story,Mike McCabe
Frank Sanazi: A Little Bit of History Re-Putin,Frank Sanazi
Frank Sanazi: Unleashed,Frank Sanazi
Frankie Thompson: Horrible Things,Soho Theatre
Fred MacAulay: Good Evening!,Gilded Balloon
Fred MacAulay in Conversation,Gilded Balloon
Freddie Meredith: Need a Light?,Country Mile Productions
Free Footlights,The Cambridge Footlights
Free For All,Monkey Barrel Comedy
Frenchy: The Instigator,Frenchy
Fresh Off the Boat,Wafa Daldoul
Freya Mallard: Come Get Me World! I’m Wide Open! (WIP),Freya Mallard
Freya McGhee: Experimental,Freya McGhee / PBH's Free Fringe
Freya Parker: An Hour Of Decay!,Queenie Miller for Hat Trick Productions
Friendliest,Drew Lausch
Frisky’s Remix Roulette,"Miss Frisky, Assembly Festival and Topper & Fred"
From Goo to You in 3.7 Billion Years,Dr Jones: The Extinction Tour
Front for Something,Playgod Productions
F*ck Trump: A Stand-Up Show for Charity,Sid Singh
F*cking Famous,Molly Sharpe / PBH's Free Fringe
The Full Irish,Jesters Dublin / PBH's Free Fringe
Funeral Show,Elena Martinez
Gabey Lucas: Check Out This Potato That Looks Like a Beluga Whale,Gabey Lucas
Gag Writer,Melissa Todd
Gags Army,Project COMEDY
Funny Cluckers: Best of the Fest – Free,Some Funny Cluckers / Free Festival
Gail Porter: Portergeist,Gail Porter
Funny Women: The Glitter Challenge,Funny Women CIC
Funny Women: The Glitter Project at the Fringe,Funny Women: The Glitter Project
GamesMaster: A Stand-Up's Guide to Escape Rooms,Jonny Gillam / Free Festival
Gareth Gwynn: Cyril,Gareth Gwynn
Gareth Mutch Means Well,Gareth Mutch / Blue Jeans Management
Gareth Waugh: Is Pepsi OK?,Gareth Waugh
Garrett Millerick: We Tried it Your Way,Avalon
Garry Starr: Classic Penguins,Francesca Moody Productions and Fiery Entertainment in association with MILKE
Gary G Knightley: Bear,Gary G Knightley
Gavin Webster: The Last Ever Punk Rocker,Gavin Webster
The Gay Divorce,Cecilia Corrigan
Gearóid Farrelly: No Pressure,Gearóid Farrelly
Geoff Norcott: Basic Bloke 2 – There's No Bloke Without Fire,Live Nation in association with Sophie Chapman Talent
Geoffrey Asmus: Patriautism,Country Mile Productions
George Coppen: Won't Be Long!,George Coppen / PBH's Free Fringe
Georgia Polly-Taylor: Very Hot. Very Messy.,Georgia Polly-Taylor
Geraldine Hickey: A Weight Off My Chest,Token Events and Fine & Dandy Productions
Gerry Carroll: Young,Gerry Carroll
Get Your Geek On: A Nerdy Comedy Showcase,Juliette Burton with RGB Monster
Gianmarco Soresi: Theater Adult,Live Nation
Giggle Merchants with Matt MacDonald and George Leeson,Matt MacDonald and George Leeson
Girlbosses and Billionaires,Aireborne Theatre
Glenn Moore: Work in Progress,Glenn Moore
Glenn Wool Is Luv (Sic),Glenn Wool
Glesga Da’s Back... and Still Raging,Punchline Promotions
The Glitch,The Glitch
Glow Job,Hall & Carss Productions
Going Coastal with Donald McGinty,The Totally Improvised Company
Good Boy,Sorabh Dhir
Good Morning Edinburgh,Sam Hampson
Good Noticings,Claire Parker and Ashley Hamilton
Good Pill Hunting,Zach Riley
A Good Time Charlie,Ciaran Franco
Got Mushroom For Sketch Comedy?,Exeter Comedy Society
Grace Campbell: The Lady Is a Tramp,AEG Presents
Grace Jarvis: Getting Dragged Backwards Through a Hedge,Bright Side Presents
Grace Mulvey: Gigantica,Brass Tacks Comedy
Gregor Fisher: An (Early) Evening With Gregor Fisher,Fiery Entertainment
The Grumpy Magicians Present: What Could Possibly Go Wrong!,The Grumpy Magicians / PBH’s Free Fringe
Guilt Free,Maddie Silverstein
The Guilty Feminist,Gilded Balloon and The Guilty Feminist
GULP!,Prith Khalsa
Gutter,Gutter Productions
Guy Branum: Be Fruitful,Guy Branum
Guy Williams: Rich people are stealing from you and blaming brown people and trans people and some people believe them aaahhhhhh!,Impatient Productions
Gyles Brandreth: Up Memory Lane!,Bound and Gagged Comedy
"Hajar, Like Badger",Hajar J Woodland
Half-Orphan,Kevin McNulty
Hamish Lloyd Barnes: Stage Presence,Hamish Lloyd Barnes
Hannah Byczkowski: Killer,Blue Book Artist Management
Hannah Morton: Crushed,Hannah Morton
Hannah Platt: Cult Classic,A Lovely Time
Happy Hour – Stella Graham,Stella Graham / PBH's Free Fringe
Hard Pill,People You Know Productions
Hard to Swallow: Reuben Kaye,Chambers Touring Ltd
Harriet Dyer: Easily Distra...,Gag Reflex with DEIversity Talent Management
Harriet Kemsley: Floozy (Work in Progress),Plosive Live in association with United Agents
Harriet Richardson: Creep,Salam & Holohan
"Harry Jun: Inside Jokes, Outside Voice",Harry Jun
"He Was a Punk, She Did Ballet",Amy Albright and Michael Cook
Heist: How to Steal a Masterpiece,Chris Cook Magic / PBH's Free Fringe
"Harun Musho’d: A History of the Last Conservative Government, In Their Own Stupid Words",Harun Musho'd / PBH's Free Fringe
Harvey Cobb: Pink Boots and an Alcoholic Sock Puppet,Harvey Cobb
Helen Bauer: Working and God Willing Progressing (WIP),IAM
Helicops 1: Find Your Wings!,Stolen Table Collective
Hasan Al-Habib: Stuck in the Middle (East) With You,Chambers Touring Ltd
Henry Ginsberg: Childless Cat Gentleman (Work in Progress),Henry Ginsberg
Henry Paker – Pencil Case Preview A Haunted House,David Hoskin
Here Comes Almost,Noah Seltzer
The Heterosexuals,Johnnie McNamara Walker
Hoani Hoani Hoani Must Be Funny in a Rich Man's World,Hoani Hotene
Holmes/Shah,Grandma Girls
Hilarious History,Bobby Sheehan
Hill and Jones Comedy Catastrophe,Hill and Jones Comedy
Holy Shit Improv,Holy Shit Improv
Honkers,Lizzie Simpson and Candace Bryan
A History Comedy Show,Raul Kohli
The House of Pitman,Luke Pitman
The History of Electronic Music,HistoryOfElectronic.com
How Far Away Are They? An Afternoon with the Cast of Phoenix Nights,The Cast of Phoenix Nights
How Now Brown Rao,Rao Moruspalli
How to Art,Ratbags Theatre
HOW TO FRINGE: a chat show with thom tuck,Ishra Productions
HR The Musical,Artsense Productions
Hudson Hughes: At Your Service,Liebenspiel Presents
Huge Davies: Sleep Paralysis Princess,Stamptown Proudly Presents
Humdinger Words for Lollygaggers and Fuddy-Duddies,Ben Dali
Iain Connell: Work in Progress,United Agents
Hunter Gatherer: The Agricultural Revolution and How It Ruined My Life,Alex Titkov
Hypnotist Matt Hale: Funbelievable! 90s Rewind,Hypnotist Matt Hale
I Have No Pension... Did I Mention,Sally Callaghan
"I Think I'm Turning Japanese (I Really Think So, Not!)",Sam Joseph
I Thought This Would Work,Colman Hayes
Ian Smith: Talking and Shouting at Eleven Thirty-Five in the Morning (WIP),Ebdon Management
Ian TC: Ian-Somnia,Ian TC
Ian Winter: Revolution!,Ian Winter
An Idiot's Guide to Murder,Laurence Tuck as Dr Laurence Tench
Ifrah Qureshi: 48 Flaws of Power,Ifrah Qureshi
Ify Nwadiwe: An Hour With Ify Nwadiwe,Berk's Nest
Ify Nwadiwe's Big Facts,Berk's Nest
Ignacio Lopez: The Four Of Us Are Dying Up Here,Ignacio Lopez
IKEA WARS,Social Club Productions
An Immigrant's Comedy Show,Raul Kohli
Imogen Andrews: The Unlikeable Worms,Mick Perrin Worldwide
Impro Poet Presents: What if History?,CJ Hooper / PBH's Free Fringe
Improbotics Presents: Artificial Reality,Improbotics
Impromptunes – The Completely Improvised Musical,Impromptunes
The Improv All Stars,Improv All Stars
Improv Comedy with Box of Frogs,Box of Frogs
Improv on Demand,Improv on Demand
Improv Wolves,Improv Wolves / Free Festival
In Parts,MDs Comedy Revue
Improvabunga!,Watch This Improv Troupe
Improversity Challenge,The Oxford Imps and Friends
The Improverts!,The Improverts!
Improvised Couples Therapy,Kristen Costello and Friends
In Memory of Me,Kat Higgins
In Pour Taste: A Comedy Wine Tasting Experience,Sweeney Preston and Ethan Cavanagh presented by Seabright Live
A Incredible Show No-One Has Ever Seen,Ryan Mold / Free Festival
INDY!,Seabright Live presents
The Infamous Comedy Show,Varied
International Comedy Showcase,Mad Cow Comedy and Rachel Morton-Young / Free Festival
Irish Comedy Invasion: 14th Year,Gary Lynch
An IQ137 Cheerio (Work in Progress),Bilee J
Irene Woo: Golden Child,Irene Woo
Irish Comedy Free-For-All,Alex J Byrne / Free Festival
Irish Comedy Headliners,Stanta Comedy Events
The Irish Mob,John O'Keeffe
Ironing Board Man,Jody Kamali Presents...
Is He Bothering You?,AJ Adams
Isabelle Glinn On Ice,Isabelle Glinn
ISH Edinburgh Comedy Awards Showcase,ISH Edinburgh Comedy Awards
It Just So Happened,Mirth of Forth Productions
It's a Mute Point,"Zoe Keddie and Tori Kay, Water Horse Productions"
"I've Had A Rosé, Let's Talk About Feelings: Live!",Sam Lake
Jack Ansett: Looks Like A Bit Of Me!,Brass Tacks Comedy
Jack Brookmyre: Impressionable,Jack Brookmyre
Jack Dee: Jack's Joke Show,Jack Dee
Jack Docherty: Butterfly,Gilded Balloon
Jake Baker: The Gentle Men's Club,Jake Baker
Jack McMinn and Absana Rutherford: Petfood!,Jack McMinn and Absana Rutherford
Jack Rooke: Good Grief,Berk's Nest in association with Soho Theatre and Curtis Brown
Jack Skipper: Skint,Off The Kerb Productions
Jacob Hatton: Ruins,Jacob Hatton
Jake Donaldson: The Fifth Weezer,Jake Donaldson
James Acaster,Plosive Live in association with PBJ Management
James Barr: A Punchy Title (WIP),Lee Martin for Gag Reflex
James Barr: Sorry I Hurt Your Son (Said My Ex to My Mum),Lee Martin for Gag Reflex
Jade Gebbie: The People Pleaser,Jade Gebbie
James Beatty: I'm Not Busy,James Beatty
James Gardner: Good Afternoon,James Gardner
James Mileham: 1 Joke After Another,James Mileham
James O'Donoghue Is Normal,James O'Donoghue
James Regal is a People Pleaser,James Regal / Hoots Fringe
James Ross Does Guess Who 3: Guess Hard with a Vengeance,James Ross / PBH's Free Fringe
James Trickey: Split,Avalon
Jamie Kilstein: Can't Tie Knots,Gilded Balloon
Jamie Wolf: Psycho,RBM Comedy
Japanese Grandma Funeral,Kento Morita
Jason Byrne: 30 Years Byrning,Phil McIntyre Live Ltd
Jaz Mattu Fights His Audience,Jaz Mattu / Free Festival
Jeff's Flight Club >-)->,Richy Sheehy & Mark O'Keeffe / Free Festival
Jehovah's Witness for the Prosecution – Work in Progress,Chris Ford / PBH's Free Fringe
Jennifer Jane: Happy Tea,Jennifer Jane
Jenny Gorelick: SORRY,BIGHEAD Comedy
Jeremy Dooley: Daddy Cool,Jeremy Dooley
Jeremy Lion: My Life!,Jeremy Lion
Jeromaia Detto: Giuseppe's Love Quest,Jeromaia Detto
Jess Carrivick: For Your Consideration,Jess Carrivick in association with Avalon
Jess Fuchs: Feral,Country Mile Productions
Jessica Barton: Dirty Work,Jessica Barton
Jessie Cave: Only Work <in progress>,Jessie Cave
Jew-O-Rama,Jew-O-Rama
Jill Weiner: Soup Freak,Jill Weiner
Jill's Tupperware Party,Asparagus Mousse productions starring Coral Bevan and Ricky Hunt
Jimmy Rees: In Reel Life,Mick Perrin Worldwide
Jo Griffin: Renegade (WIP),Jo Griffin
Jocks and Geordies,Dan Willis and Obie / PBH's Free Fringe
Jodie Mitchell: John Travulva Finds His Father (But Only to Get an Irish Passport) [Work in Progress],IAM
Jody Kamali: This is My Dad,Jody Kamali Presents...
Joe Casey and Pierce Higgins: Northern Soul,Joe Casey and Pierce Higgins
Joe Sib: Aggie – A Comedy About Moms,Joe Sib
Joey Dardano: Another Direction,Stamptown Proudly Presents
"John Achkar: His country is collapsing. He's having a baby. So obviously, this is the right year for a Lebanese comedian you've never heard of to try English stand-up for the first time.",John Achkar
John and Christian: Teenage Heartthrobs,John and Christian
John Hegley's New and Selected Potatoes,John Hegley
John Kearns: Tilting at Windmills,John Kearns
John-Luke Roberts: Sunday Lates,John-Luke Roberts
John O'Keeffe: Surviving Myself,John O'Keeffe
"John Tothill: Close Your Eyes With Holy Dread For He On Honey-Dew Hath Fed, And Drunk The Milk Of Paradise (WIP)",Country Mile Productions
John Tothill: This Must Be Heaven,Country Mile Productions
"John-Luke Roberts: What I Talk About When I Run About, Talking",John-Luke Roberts
John O'Keeffe: Not My Finest Hour (WIP),John O'Keeffe
John Robertson: Excitable Boy!,Lee Martin for Gag Reflex
John Robertson's The Dark Room,Lee Martin for Gag Reflex
Johnny Hollywood,John Spillane
JoJo Maberly: Angst and Angstability (WIP),JoJo Maberly
Joke Thieves: World Championship,Need To Know Comedy
Jokers in the Pack,Mark Row and Ryan Mold
Jollybox Party Games,Tommy Jollyboat / PBH’s Free Fringe
Jon Gibbons – Real Adult Man (WIP),Jon Gibbons
Jonathan Oldfield: Exquisite Corpse,Country Mile Productions
Jonathan Rudge: Stay at Home Son,The Department of Jonathan
Jonno: Here Comes Mr Funny,Country Mile Productions
Jonty O'Callaghan's Got Some Notes: A One-Man Sketch Show,Jonty O'Callaghan
Jordan Brookes: The Part of You That's Always Screaming,Country Mile Productions
Joseph Morpurgo: Highlander 70,Berk's Nest in association with Independent Talent Group
Josh Glanc: Work in Progress / Something / Musical,Josh Glanc
Josh Pickar: Getting Off,Josh Pickar / Suzanna Rosenthal Productions
"Josh Pugh: Ha Ha, Yeah Sound (Tour Warm Up)",PARKAS at Independent Talent
Joshy in Paris,Joshua Hauville
Joz Norris and John-Luke Roberts are Barry and Tony in The Baritones,Joz Norris and John-Luke Roberts
Joz Norris Is Hugh Jackman Is The Phantom of the Opera (Work in Progress),Joz Norris
Jules Oakes: Fragile,Jules Oakes
Julian Clary: Fully Dilated,Mick Perrin Worldwide by arrangement with Mandy Ward Artist Management
Julie Belliveau: Enlightened?,Julie Belliveau
KALT'in Sunumu,TuzBiber Stand-Up
Juliette Burton: Villain Era,Juliette Burton
Kanan Gill: Not This Again,Soho Theatre in association with UTA
Juliette Burton's Board To Distraction,Juliette Burton
Kat Ronson: Millennial Girl (WIP),Kat Ronson
Just Blokes,Water Horse Productions
Justin Elizabeth Sayre Is a 40-Year-Old Woman,Justin Elizabeth Sayre
Justina Seselskaite: Settled,Justina Seselskaite
Kate Butch: A Kate in the Hand is Worth Two in the Butch,Lee Martin for Gag Reflex
Kate Dolan: Trout,Avalon
Kate Hammer: Government Approved Comedian,Brass Tacks Comedy
Kate Smurthwaite Writes and Performs a Brand-New Full-Length Stand-Up Show Every Single Day for the Entire Edinburgh Fringe Based on Audience Suggestions from the Previous Day (Not Tuesdays),Kate Smurthwaite / PBH's Free Fringe
Katie Pritchard is Sir Elton Scone,Katie Pritchard
Kathleen Hughes: Twig,Kathleen Hughes
Katie-Rose Petley: Dirty Bitch,Katie-Rose Petley
Katie Boyle: Irish Immigrant,Katie Boyle
Katie Mitchell: Giddy,Ingenious Fools Ltd
Katie Norris: Mother Succubus,Avalon
Keeley Hazell: Everyone's Seen My Tits,Keeley Hazell
Keep It Tight Podcast Live – Deirdre O'Kane Emma Doran,Deirdre O'Kane and Emma Doran / Storied
Kemah Bob: Love Child,Berk's Nest in association with Sophie Chapman Talent
Kiell Smith-Bynoe's Kool Story Bro,Berk's Nest
Killer Comedy Club,GetGiddier
the Kobold Show!,Durnmoose Entertainment
Killian Sundermann: Killian Dollar Baby,Aviary Talent
Kim Blythe: Puzzle,Kim Blythe
"Kim Hope: Lather, Rinse, Repeat",Kim Hope / Free Festival
Kitty's Salon of Dreams,Kitty Cassis
Knickerbocker Glory,Chock-A-Block Comedy / PBH's Free Fringe
Kristen Schaal: The Legend of Crystal Shell,Berk's Nest in association with Sophie Chapman Talent
Krystal Evans: I'm Gonna Die in a Ditch (WIP),Krystal Evans
Lab Rats: A Science Gameshow,Donal Vaughan
The Landlady,Brooke Flint
Lachlan Werner: Sleeper Hit (WIP),Lachlan Werner
Lady Bolognese: Class War,Liebenspiel Presents
Lager Jus,Paul Merryck
Lance Mao: The Pig with the Dragon Tattoo,Lance Mao
Lara Ricote: INKLING,IAM
Larry Dean: Hellbent,IAM
The Last Funny Woman,Kate Cheka / PBH's Free Fringe
Late Bite: Mixed-Bill Late-Night Stand-Up,Stags and Hogg / Free Festival
Late Night Comedy Death Camp,Henry Ginsberg
Late Night Comedy Rave,PBJ Management
Laughing Horse Clean Pick of the Fringe,Laughing Horse Comedy / Free Festival
Late Night in Canada,Box of Bees
Late Night with Stuart Laws,Stuart Laws
Late Night with Terry Wogan,Benjamin Alborough and Liebenspiel present
The Late Nite PowerPoint Comedy Showcase,Sweeney Preston and Ethan Cavanagh presented by Seabright Live
Late'n'Live,Gilded Balloon
Laughing Horse Fringe Comedy Selection,Laughing Horse Comedy / Free Festival
Laughing Horse Pick of the Fringe,Laughing Horse Comedy / Free Festival
Laughing Stock,Laughing Stock
Laura Lexx: Work in Progress,Laura Lexx
Laurie Luxe: Scold (WIP),Laurie Luxe
Lawrence Dodd: This Can't Be It,Lawrence Dodd
The Leeds Tealights,The Leeds Tealights
LEMONFACE,LEMONFACE Productions
Lenny Sherman: One Of The Good Guys,Lenny Sherman
Leo Hincks: Emotional Cowboy,Leo Hincks
Leo Mahr and Jonny Bennett: Two Hot Gays Telling Jokes,Two Hot Gays Telling Jokes / Free Festival
Les Keen: Dinosaur (How to Wipe Out the Human Race),Les Keen
Let The Best Man Win,Frogmill Productions
A Letter To My Parents,Henning Nilsen
Lew Fitz: Sweet Nothings (WIP),Lew Fitz
Lewis Garnham: Work in Progress,Lewis Garnham
Li Jin Hao: Falling From a Moon,IAM
Liam Tulley: Adult-ish,Liam Tulley
"Lianna Holston: Haha, Oh God 2.0",Lianna Holston
Lil Wenker: BOYKING,United Agents
Lil Wenker in Ronny Eucalitto's Love Hour Live,Lil Wenker
Lilla Multipass: Woman(33),Lilla Multipass
The Limerence,Lizzy Lenco / PBH's Free Fringe
Lindsey Santoro: It Was Like That When I Got Here,Off The Kerb Productions
Live Comedy from Toronto,The Comedy Lab Toronto
"Lizzie Simpson: Just Be Confident, Loser!",Lizzie Simpson
Lizzy Hoo – Says Hoo?,Token Events and Fine & Dandy Productions
Lizzy Sunshine,Liz Coin
Lorna Ní Shúilleabháin: Barefoot Before God,Lorna Ní Shúilleabháin
LMAOF (for OF.TV),LMAOF
Locomotive For Murder: The Improvised Whodunnit,Pinch Punch Improv
LOLyamorous: A Speed-Dating Comedy Show,James Regal
Lord of the Zings: A Kiwi Comedy Showcase,"Danny Sewell, Hoani Hotene, Fin McLachlan"
Lorna Rose Treen: Now That's What I Call Characters,Country Mile Productions in association with United Agents
Lorna Rose Treen: Work in Progress,Country Mile Productions
Lorraine Hoodless: Mean,Lorraine Hoodless / PBH's Free Fringe
Lost in Translation,Lost in Translation
Lou Wall: Where Are All The Tall Grandmas?,IAM
Lt Love Dr's Boot Camp for Lonely People Like You,Chloe Matonis
Mad Ron Presents Identity Theft – The Gameshow,Mad Ron Comedy
"Lucas Jefcoate: If I'm Not Somebody, I'm Nobody",Lucas Jefcoate
Lucy Porter – The Name of the Games (WIP),Lucy Porter
Luke Ditchfield: Please Stop Punching Me,Luke Ditchfield
Luke Rollason: Alas! (WIP),Luke Rollason
Lulu Popplewell: Work in Progress,Lulu Popplewell / Free Festival
Madeleine Brettingham: Legend,Gilded Balloon
Madeleine Munford: Who the F*ck is Madeleine?,Madeleine Munford / Free Festival
Magic and Mishaps: Stand-Up Comedy Magic,Chris Dinwoodie
Magic Mic,Alex J Byrne / Free Festival
Maia Tassalini: I Was 22 and Stunning,United Agents
Major League Bombs,Aidan O'Reilly / PBH's Free Fringe
Making Love with David Magidoff,David Magidoff
Man Sings the Same Song Over and Over Again for an Hour,Conk and Quiet Riot
The Manchester Revue,The Manchester Revue
"Manogram – A Man with Breast Cancer. Stories of Confusion, Disbelief, Irony and Downright Ridiculousness",Alan Wake
Marc Burrows in the Ten Best Songs of All Time,Marc Burrows
Marc Jennings: If When,Marc Jennings
Margaret Thatcher Queen of Hollywood,"Wildpark Entertainment, Matt Tedford and Jon Brittain"
Maria Fedulova: Literal Saint,Maria Fedulova
Marina di Marzo: Love in the Time of Fifth Grade,Marina di Marzo
Mario Adrion: Live a Little,Mario Adrion
Marjolein Robertson: Clouds (WIP),Marjolein Robertson / Off The Kerb Productions
Mark Black: Horrible Family,Mark Black
Mark Maier's Jewvenile,Mark Maier
Mark Nelson: Seven Night Run,Mark Nelson
Mark Row: A Class Act,Mark Row
Mark Silcox – I Have It All [A Success Story],Mark Silcox
"Mark Silcox: Gold Trading Sucks, I Lost Everything.",Mark Silcox / PBH's Free Fringe
Mark Simmons: Jokes At Noon,Mark Simmons / PBH's Free Fringe
Mark Steel: What The F*** Is Going On?,Off The Kerb Productions
Mark Thomas: 40 in Stand-Up Years,Mark Thomas / Tin Cat Entertainment Ltd
Mark Watson: Before It Overtakes Us,Impatient Productions
"Mark Watson: Sometimes People Are Being Over-Cautious When They Say Work-In-Progress, But This Truly Is Rough",Mark Watson
A Marriage of Inconvenience,Abi Sharp and Harsh
Married at Fringe Sight,Milli Productions
Mar’s Market Presents: Impress the Vaudevillian,Mar's Market / PBH's Free Fringe
Martin Urbano: #Standup #Funny,Stamptown Proudly Presents
Marty Gleeson: Dog Ear,IAM
Mary Flanigan: Scream If You Want To Go Slower,Mary Flanigan
Mary O'Connell: Breadwinner – Work in Progress,Mary O'Connell / PBH's Free Fringe
Matt Forde: Project Holy Moly,Avalon
Mary-Kate and Ashley Ruined My Life (WIP),Imani Dani / Free Festival
Matt Klein: Boyoyoyoyoing,Matt Klein / PBH's Free Fringe
Mat Smith: The Middle,Mat Smith
Mat Wills: My Wife Took My Dad to a Brothel (I Drove),Mat Wills / Free Festival
Mates Rates – The Golden Age Begins,Mates Rates
MATES: The Improvised 90s Sitcom,Mates Improv
Matthew Gallagher: Last Minute,Matthew Gallagher
Max Fulham: Memory Foam,Corrie McGuire Management
Maxx Eddy: Bi Meets World,Maxx Eddy
Maya Ricote: Ay Am!,BIGHEAD Comedy
MC Hammersmith: Ice Ice Nepo Baby,Avalon
MCU: Musical Comedians Unite!,Alexis Sakellaris
McVea and Rea Go Away,Rea and McVea
Meat Cute or Die! (WIP),Kate Pinchuck and Foo
Meet Me in the Middle,David Rose / Free Festival
Megasquirt: Fully Loaded,Megasquirt
Mel Hudson: Richard Ashcroft Revived My Libido,Blue Book Artist Management
Men Love Horsies: The Musical,Devin Bateson
Merlesque: How an Adult Woman Became a Mermaid,Elle Rochford
Mervyn Stutter's Pick of the Fringe,Mervyn Stutter
Metroland Live: As Seen On TV,AEG Presents in association with Parkas at Independent Talent
Mhairi Black: Difficult Second Album,Gilded Balloon
Mi Casa es su Casa,El Purnell
Miami Advice,Miami Advice
Michael Brunström: William Tell vs the Algorithm,Michael Brunström
"Michael John Ciszewski: Mother, Superior",xo Michael John
Michael McPheat is BRUTAL!,Michael McPheat
Michael Shafar: Inappropriate,Michael Shafar
Michael Spicer: Hope All's Well,Mick Perrin Worldwide by arrangement with Sophie Chapman Talent
Michelle Ahern: Are We There Yet?,Michelle Ahern
Michelle Wolf: Best Job in the World,Chambers Touring Ltd
The Midlife Mind Flip,Seriously Funny Business
Midnight Snacks (with comrie sf),Fountain Sound
Mike Blaha: Pivotal Nomad,Fringe Management LLC
Mike Rice: A Work in Progress Show (Testing New Horrible Material),Mike Rice
Mike Wozniak: The Bench,Avalon
Millwall Jew,Ivor Dembina / Free Festival
Milo Edwards: Catamaran,Ingenious Fools Ltd
Mina Liccione: Arabized,"Mina Liccione (Dubai, UAE)"
MISTRANSLATED,Erica Hates Fun
Mitch Benn: Asking Elvis,IMWP
Mock the Clock,Jokers Comedy Ltd
Molly and Paul Try Heron Foods: Goodbye Stretford,Molly and Paul Try Heron Foods
Molly McBride: Work in Progress,Molly McBride
MOM! WTF!!,Carol Johnson
Monks,Annie Luján and Veronica Hortigüela
Morgan Rees: What a Bummer (Tour Warm-Up),Berk's Nest in association with PBJ Management
Mothman: A Romance Musical,Finger Guns and Liebenspiel Present
Mountebank Comedy Walk of Edinburgh,Daniel Downie
Movieoke!,RGB Monster
Mr Chonkers: Work in Chonkers,John Norris
My Date with Pierce Brosnan,Alistair Aitcheson / Free Festival
The Mr Thing Show,Lee Martin for Gag Reflex
Muck – The Dark Jokes Show,RGB Monster
Muffins,University of Manchester Drama Society
"Murder, She Didn't Write",Wildpark Entertainment presents Degrees of Error's
Murder She Hoped,"Self, Ilana Rubin"
My Mum Accidentally Set Me Up With A Married Woman,Nathan Hugh Robért
My Name is Spring Day and Other Stupid Facts,Spring Kathryn Day / Free Festival
Natalie and I,Simon Gomes
Nate Kitch Replica,Nate Kitch
Nathan Cassidy: Ewwww!,The Rat Pack Productions Ltd
Nathan Cassidy: From the Ashes,The Rat Pack Productions Ltd
Nathaniel Jones: 2 BY 2,Nathaniel Jones
Naughty Boy,Siddharth Raj
Naughty Cabaret,Anna Marie and Marie
"Nerdy and Dirty: Part Classroom, Part Classless",Zoltan Illes / Free Festival
Nerine Skinner: Decisions Decisions WIP,Nerine Skinner
New York City Dreams,Meka Mo
"New Zealand Comedian, New Zealand Comedian, New Zealand Comedian",Danny Sewell
Nish Kumar: Angry Humour From a Really Nice Guy (Work in Progress),Plosive Live in association with
No Ducks Left To Give,York Comedy Society
NewsRevue,NewsRevue 2026
Nick Helm's Down 'n' Dirty Weekend,Nick Helm
Night Mail (WIP),"Tom Whiston, presented by Pierrot Productions"
Nina's C*nti Cabaret,Show And Tell in association with PBJ Management
"No, I'm Not Overthinking It.",Clinton Barnes / Free Festival
No One's First Choice,HahaHub
Noah Szto – Med School,Token Events and Fine & Dandy Productions
Not Another Quiz Night,Mick Perrin Worldwide in association with Mirador Group presents
Not Black Enough,Nate Fleming
Obituary,Ivor Dembina / Free Festival
Not Medically Accurate,Double Edge Drama
Not My Audience! The Stand-Up Panel Show You Control!,RGB Monster
Notes: The Comedy B-Sides,Stephen Gordon
Now That's What I Call Irish Stand-Up Comedy! Vol 1,"Patrick Conlan, Jack Shortall, Cormac Sinnott / Free Festival"
Nu Metal Karaoke,System of a clown
Octopus,Louise Leigh
Off With Your Head!,Bowtie Productions / RGB Monster / Free Festival
Oh My Jehovah!,Doomsday Comedy
Olaf Falafel Presents: I Used to Work in a Helium Balloon Factory Until They Let Me Go,Olaf Falafel
Old Comedians Are Funny,Gary Lynch / Free Festival
Olga Koch: Fat Tom Cruise,IAM
Olivia Raine Atwood: Oops,Fringe Management LLC
Olivia Xing: Baby of Colour,Olivia Xing
Ollie West: Discovery (WIP),Ollie West
On The Watchlist,Jay Servedio
"One Dog, One Nutter",Jay Saunders
The Oracle,Alison Zrada
One Joke,Liebenspiel Presents
One Man Musical,Avalon
One Man One Mullet: The Dan Stephens Show,Dan Stephens
One: The Musical,Carlie Craig
Oops! We Lost a Nuke,Infinite Monkey Theater Company
Other,Rohan Ashar and Mani Ahmed / Free Festival
Otto Astrid: The Stages Tour,Otto & Astrid – Die Roten Punkte
Out Damned Traitor!,Shakespeare's School
Outlaugh: Edinburgh,Outlaugh Comedy
The Over 50s Dating Comedy Game Show,LOLyamorous
The Oxford Imps: Improvised Comedy Hour!,The Oxford Imps
Paddy Young Presents: A Night with the Stars,Standing On Productions
The Oxford Revue presents: Back to Revueture,The Oxford Revue
The Oxford Revue: Stand-upping Citizens,The Oxford Revue / Free Festival
Özge Özel,TuzBiber Stand-Up
Paddy Linton: Paddy Issues,Paddy Linton
Paddy Seery: Hereditary,Paddy Seery / Free Festival
Paddy Young: Will Sir Be Laughing Alone?,Berk's Nest in association with PARKAs at Independent Talent
Parking Spot: The Musical!,Ensemble Cast
The Passion of Mr Cardboard,Liebenspiel Presents
Pasta and Passive Aggression (WIP),Tino Giaccotto
Patrick Monahan: I'm Not A Terrorist – I'm Freddie Mercury,Lee Martin for Gag Reflex
Patti Harrison: Just Ironing Some Things Out!,Soho Theatre in association with UTA
Paul Black: Cash Cow,Paul Black
Paul Currie: REMOVE YOUR SKIN PLEASE,Paul Currie
Paul McDaniel: Harder Better Faster Paul-er,Paul McDaniel
Paul Merton and Suki Webster's Improv Show,Mick Perrin Worldwide by arrangement with Mandy Ward Artist Management
"Paul Savage: Comic, Relieved",Paul Savage
Paul Dennis: Title Explained In Blurb – The Musical. Well... sort of.,Paul Dennis
Paul Foot: The Future,Plosive Live
Paul Hilleard: Grogg,Paul Hilleard
Pernille Haaland: Nordic Operations,Pernille Haaland
Pervert Werewolf,Stolen Table Collective / PBH's Free Fringe
PG Hits! The Best in Stand-Up Comedy Without the Rude Bits!,RGB Monster
Phil Cooper: Deckchair,Phil Cooper
Phil Ellis: Bath Mat,Avalon
Phil Green The Boy Who Nearly Grew Up (WIP),Phil Green / PBH's Free Fringe
Phil Nichol: Aren't We Lucky,Lee Martin for Gag Reflex
Phil Nichol: The Naked Racist,Lee Martin for Gag Reflex
Phil O'Shea: Something About Dogs,Phil O'Shea
Phil Wang: UH OH,Phil Wang
Pierre Novellie: Do the One About...,Avalon
"Pierre Novellie: Okay, One More Then Bedtime",Avalon
Piggy Time,John Norris
Pins Needles,Pins & Needles
Pirates: You Wouldn't Steal A Boat,Spruce Moose Comedy
Pitch It Good – Live,Jim Hooker
Play On!,Purple Summer Theatre
The Pleasance Comedy Reserve,Pleasance
The Pleb's Pow Wow,Ian Stone
Police Cops: The Original,Police Cops
A Political Breakfast,Jesters Dublin / Harun Musho'd / PBH's Free Fringe
The Political Party with Matt Forde,Avalon Promotions Ltd
Poor Little Rich Girl,Tori Piskin
Prateek Kohli: Denial,Prateek Kohli / PBH's Free Fringe
Princess Sparkles,Lily Maryon
Progress In Work,All That Bex
A Pub Quiz for D**kheads,RGB Monster
Puck Bunnies: A Heated Rivalry Drag Musical Parody,Puck Bunnies
Quest for the Coolest F*cking Animal (A Kids Show for Adults),Robyn Perkins and Elaine Fellows
Punchline Bingo,Iain MacDonald / Free Festival
Rachel Baker Presents: Gwen – This is Not a Pyramid Scheme,Rachel Baker performing as Gwen
Punchline on Leith,Fringe @ Citadel
"Rachel Creeger: ""Queen of the Jews!""",Rachel Creeger
Purple Park Comedy,Jilberto Soto and Meka Mo
PUSS PUSS,Natalia Sledz
Queer Diary,Queer Diary CIC / Free Festival
Rachel Creeger: Ultimate Jewish Mother 2026,Rachel Creeger
Rachel Fairburn: Vexy Beasts,Phil McIntyre Live in association with PBJ Management presents
Rachel Galvo: Work in Progress,Rachel Galvo
Raul Kohli: Makes It Up As He Goes Along,Raul Kohli
Rachel Morton-Young: Dutch Courage,Rachel Morton-Young / Free Festival
Ray Bradshaw: Five Years in a Row,Ray Bradshaw
Raj Poojara: Dice,PARKAS at Independent Talent
Ray Fordyce: The Fordyce Saga,Ray Fordyce / Free Festival
Ray Fordyce's Not-So-Royal Variety Show,Ray Fordyce / Free Festival
RapGPT: Macshane,Stian Macshane
Ray O'Leary: I Can See O'Leary Now The Ray Has Gone,Impatient Productions
Rat Candy,Rat Candy
Raymond Mearns is Looking for Trouble,Raymond Mearns
The Real Housewife of Scotland,Jojo Sutherland
Refashioned: From Childhood Dream to Stylish Nightmare,Nicholas Elliott
Reginald D Hunter: Something Wicked That Other Way Comes,Mick Perrin Worldwide by arrangement with Mandy Ward Artist Management
Remy Kassimir: How Cum,Remy Kassimir Comedy LLC
Reuben Solo: Someone in This Crowd Will Betray Me [Revenge Edition],Mick Perrin Worldwide
Rhys James: Chop Logic,Off The Kerb Productions
Rich Hall: Chin Music,Off The Kerb Productions
Richard Herring: RHLSTP,Richard Herring
Richard Pulsford: Gold Fashioned Jokes,Mirth of Forth Productions
"Richard Pulsford: Yorkshire Dad, Immigrant Mum",Mirth of Forth Productions
Rhino Conservation Erotic Novel,Daniel Trengove and Gabriel Madden
Richard Stott: Streets Won't Forget,Richard Stott
Right That's It (I've Had Enough),Benjamin Gilvear
The Rise and Fall of a Mormon Homecoming Princess,Meghan Bean
Rizal Van Geyzel: Arrested Rob Copland: ONE (more please),Berk's Nest in association with PARKAS at Independent Talent
Rob Duncan: Printer of the Year,Rob Duncan
Rob Kemp: Beatlesjuice,Rob Kemp
Rob Moriarty: Sick in the Head,Rob Moriarty
Rizal Van Geyzel: Single Fatherhood,Bowtie Productions / Free Festival
Rob Nother: Another Way,Rob Nother
Rob Preston: Amazing Global Solutions,Queenie Miller for Hat Trick Productions
Rogier Bak Has Your Back,Rogier Bak
Pun to the Hills,Robin Boot / PBH's Free Fringe
Rohan Sharma: Sharmy Infinity,Rohan Sharma
Robin Grainger: Lemonade,Robin Grainger
RODEO!,RODEO!
Roger O'Sullivan: Divil May Cry,PARKAS at Independent Talent
Roger Prick: Sexopolis,BIGHEAD Comedy
Rory Bremner: Making an Impression,Fane Productions and PBJ Management
Rory Marshall: Thank You for the Opportunity,Country Mile Productions in association with United Agents
Rory o Hanlon: Honestly,Rory o Hanlon Comedy
Rosalie Minnitt: Clementine 2,AEG Presents
Rosco McClelland: The Bones,Lee Martin for Gag Reflex
Ruby Carr: Bite Me,Ruby Carr
Rose Matafeo: Work in Progress Morning Hour,Rose Matafeo
Rosie Holt: The Illegal Aliens Have Landed!,Impatient Productions in association with Sophie Chapman Talent
Rosie Jones: I Can't Tell What She's Saying,Off The Kerb Productions
Rowan Hackett: Brewed,Rowan Hackett
"Ruaridh Miller – Autocorrect Thinks My Name is ""Rubbish""",Ruaridh Miller
Ruby Wax: Absolutely Famous,Impatient Productions
Ryan Cullen: Cullen Me Softly,Ryan Cullen
"Ryan Kenny: Some Words, In an Order, On a Stage",Ryan Kenny
Ryan Mold: Resistant,Ryan Mold / Free Festival
Sadia Azmat: Rapism,Sadia Azmat
Salma Habib Lyons: Work in Progress,Salma Habib Lyons / PBH's Free Fringe
Sam Eley is Basil Crumbwick: Soul Sewage,BIGHEAD Comedy
"Sam Lake: Drop Zone Three Please, Ben (WIP)",Sam Lake
Sam Serrano: Mars,Sam Serrano
Samantha Day: I've Started So I'll Finish,Samantha Day / PBH's Free Fringe
Same Same but Different,Stacey Edwards and Sam Adamson / PBH's Free Fringe
Sami Abu Wardeh Hates You Sam Morrison: DUCK,Mick Perrin Worldwide
Sam Nicoresti: Baby Doomer,Salam & Holohan
Samira Banks – Work in Progress,Samira Banks
Sam Rhodes: Toy Cocoon,Sam Rhodes
Sammy KO,Sammy Obeid
Sapphire McIntosh – Squeaky Bum Time,Pierrot Productions
Sara Fran: Time Snatch,Sara Fran
Sara Pascoe: For One Night Only,Sara Pascoe and Curtis Brown
Sarah Bradley: How to Write a Romcom,Sarah Bradley
Sarah Roberts: Scary Movie 7,Salam & Holohan
Sasha Nezlobin: I'm Fine,Sasha Nezlobin
Sashi Perera – Pear Tree,KEG Touring
Scout Boxall: God's Favourite,Impatient Productions
Scally-Wankers,Surely Not Productions
Scary Queen of Scots,Gillian Cordiner
Sean Morley: Backchannel,Liebenspiel Presents
Seann Walsh: This Is Torture,Seann Walsh / Off The Kerb Productions
Hey Hey Divorcè,Mick Perrin Worldwide
Scott Manley Hadley: Bald Personality Disorder,Scott Manley Hadley AKA SOLID BALD / PBH's Free Fringe
Scottish Comedy Legends: Jim Smith,The Stand Comedy Club
The Secret Society,The Chandeliers
Selina Mosinski: Puss in Boots – A Working Class Fairy Tale,AEG Presents
Serkan Altunigne – Umurumda Degil,TuzBiber Stand-Up
Sex! with Becky Fury,Becky Fury
Sexatron,Journey Maranto and Gabe Sklan
Seymour Mace Is Covered In Stickers!,Seymour Mace
Seymour Mace's Other Show!,Seymour Mace
Shaggers,Art of Comedy
ShakeItUp: The Improvised Shakespeare Show,ShakeItUp Theatre in association with Benjamin Alborough
Shamilton! The Improvised Hip-Hop Musical,Baby Wants Candy
Shane Daniel Byrne: Baby This Time,Shane Daniel Byrne
Shane Torres,STAMPTOWN
Share the Craic,Magners Share the Craic
Sharon Wanjohi: A Perfect Life,IAM
Shaun Guff: Enuff Is Enuff,Clementine Bogg-Hargroves
She Beast – WIP,Jamie-Diane Rajaram
Shoot From The Hip,Blue Book Artist Managment
She/They,Bronwyn Farkas and Sophie Jean
She's a LOT,Louise O'Toole
Shine,Freya Bardell
Shit Arcade,Mike Drucker
Sh!t-faced Shakespeare®: Hamlet,Sh!t-faced Shakespeare®
Showstopper! The Improvised Musical,Showstopper Productions / Suzanna Rosenthal Productions
Shrink Wrapped: A Psychologist Analyses Comedians Live,Robyn Perkins
Sid Singh: Love Bombing,Sid Singh
Side Quest,Dirty 20
A Silent Disco Dance Tour by Silent Adventures,Silent Disco Adventures
"Silky in 'No, YOU’RE Poster Syndrome'",Silky
Silly and Surviving,Kie Carson
Silly Goose!,Silly Goose Comedy
Simon Amstell: I Love It Here,Show And Tell in association with KBJ Management
Simon Evans: Shadow Play,Blue Book Artist Management
Simon Munnery,Simon Munnery
Siobhan Dodd's Heckle Championship,Siobhan Dodd / PBH's Free Fringe
Sjur Hjeltnes: Go Go Go Cake and Piano,Sjur Hjeltnes
Sketchy Comedy: Where Art and Comedy Collide,Gill Cordiner
Slay24,Slay24
Small Town Funny: The Return!!,Small Town Funny
"Smile, It Might Never Happen",Game Called Chat
Sneaking Into Taylor Swift Cost Me $1989,Matt Watson
So You Think You're Funny? Heats,Gilded Balloon
So You Think You're Funny? Grand Final,Gilded Balloon
Sofar Comedy,Mohini Kotecha / Sofar Sounds
Sofie Hagen – I Think Some of This Is My Fault,Sofie Hagen
Şokopop Quiz Night,TuzBiber Stand-Up
Solve-Along-A-Murder-She-Wrote,Tim Benzie
(Some Guy Called) Dave Joke of the Fringe Showcase,Need To Know Comedy
"Someone Is Dead, Probably?",Comedy Take Out
Sophia Wren: The Best Girl in the World,Sophia Wren
Sophie Duker: Hot Beef Injection,Berk's Nest in association with Avalon Management
Sophie Garrad: A Period Drama,Mick Perrin Worldwide
Sophie Sconcia: Mother Superior,Sophie Sconcia
Soness: Sumo Injury Comeback Tour,Soness Stevens Kitano / Free Festival
Sooz Kempner: Imposter,Sooz Kempner
The Sound Within with Eisenberg and Stern,Created and Performed by
Sounds Queer to Me,Ivy Favier
Spencer Jones: Dogs,Soho Theatre
The Stand at The Scotsman,The Stand Comedy Club
Sponta-Deity Improv: Who Let the Gods Out?!,Stags and Hogg / Free Festival
Spooky Dookie: Cool New Planet!!,Claire McFadden & Maureen Monahan
Stamptown,Stamptown Proudly Presents
A STAN IS BORN! – Encore,Alexis Sakellaris
The Stand at Edinburgh Food Drink Academy: The Great Big Comedy Cook Off,The Stand Comedy Club
The Stand at W Edinburgh,The Stand Comedy Club
The Stand Late Club,The Stand Comedy Club
The Stand’s Pick of the Fringe,The Stand Comedy Club
The Stand-Up Experience,stand-up.co.uk
Stand-up Philosophy,Alex Farrow comedy
Stand-Up (Sat Down) with Ian Wood and Micky Burns,Ian Wood and Micky Burns
Stand-Up Science,Jericho Comedy / Free Festival
Star Wars: The Next Generation,Dan Willis / PBH's Free Fringe
Stefania Licari: Stephen Carlin: Kapitan Bomba,Stephen Carlin
Stephen Catling: Clown Fish Out Of Water,Ingenious Fools Ltd
Stephen Colfer: Stephen Jobs,Stephen Colfer
I Can Make You Italian in 55 Minutes,Stefania Licari
Steffan Alun: Windows,Steffan Alun
Stepdads: The Stepdads Les Mis (And More),Stepdads
"The Stevenson Experience: O Brother, Where Art Thou! (On stage, beside me)",The Stevenson Experience
Still Got It: Back Again!,Still Got It with Lissi Field / PBH's Free Fringe
StingAlong! (with Brad and Steve),Brad Tassell and Steve Goodie
Stolen Table's Very Spooky (and 100% Genuine) Ghost Tour,Stolen Table Collective
Stories From the Office of a Sex Dungeon,Katharyn Henson / Free Festival
Story Platform,"Junction Films, Gilded Balloon and Screen Scotland"
Strippers Advice Bureau,Ask A Stripper
Struan Logan: Chaotic Good,Stroodling Stories
Stu and Joe's Big Dumb Film Show,Stu Murphy and Joe Heenan
Stuart Goldsmith: Canary,Chambers Touring Ltd
Stuart Mitchell and Festival Friends,Stuart Mitchell
Stuart Mitchell – Solo Show,Stuart Mitchell
Stuart Thomas: Bad Fatty,Stuart Thomas
Support Group,Kwami Odoom and Jack Henry
"Susan Morrison: Swearing, Shit and Shagging – Scotland's Filthy History",Susan Morrison
Susan Popadopolas – Bonkers Bingo,Karen Philp / Susan Popadopolas
Susie McCabe: Coming of Rage,Off The Kerb Productions
Sweaty Clowns,Aireborne Theatre
Sydnee Washington: My Black Barbie Story,AEG Presents
Table Reads: New Comedy Script Showcase,DLT Entertainment UK Ltd
Tacky Teacher,Aleksandr Popov
Tam Cowan: A Pee With Pele (And Lots More P*sh),Carnation Productions
Tamsyn Kelly: Rat's Ass,Brass Tacks Comedy in association with PARKAS at Independent Talent
Tarang Hardikar: If I'm Not Wrong,Soho Theatre
Tartan Ribbon Comedy Benefit,The Pleasance
Tartan Tabletop: A Dungeons Dragons Comedy,Tartan Tabletop
Tasmin Sarkany: Now That's What I Call Bach!,Tasmin Sarkany
Tattoo Dave – Tat’s Life,Tattoo Dave
Tatty Macleod: Things My Mother Did (WIP),Tatty Macleod
Ted Hill: PowerPoindexter,Ted Hill
Terry Pratchett's Mort,Avondale Theatre Company
Tez Ilyas: Tez Things I Hate About You (Work in Progress),Tez Ilyas / Free Festival
That’s All I Need Now!,Chris Kent / PBH's Free Fringe
Theologist,Panad Productions ®
Things That Go Eek!,Things That Go Eek
The Thinking Drinkers' Great British Pub Ride,Lee Martin for Gag Reflex
This Integrated,China González
This Is My Baby: Live Podcast!,David Ian and Sarah Hester Ross
This Is Your Trial! The Fully-Improvised Comedy Courtroom,RGB Monster
Thom Tuck: Heartwarming Animal Content,Ishra Productions
Tiff Stevenson: Lucky (Work in Progress),Tiff Stevenson
Thor Stenhaug: Happy To Be Here (WIP),IAM
Those People,Lara Ciulli and Riana White
Three Bad Sisters,Shinanne Higgins
Three Bird Roast,Clare Harrison McCartney
Tia Rey: Oot Ma Banger,Tia Rey
Tilly Fletcher: Television,Liebenspiel Presents
Tim Biglowe: Plonka,Tim Biglowe / PBH's Free Fringe
Tim Vine: Sillypun Valley,Bound & Gagged Comedy
Time Travel Postman,Devon Loves ME! Productions
TITCLOWN: daddy's little girl,TITCLOWN
Title Goes Here,Gazelle Theatre
Toby Tarrant: Utter Bloke Nonsense,Live Nation
The Tokyo Idiots presents The Ultimate Japanese Comedy Show,"Yoshimoto Kogyo Co., Ltd."
Tom Ballard: Be Funny Challenge (Impossible),IAM
The Tom Brace Magic Hour,Alice Gorman Presents
Tom Cashman: NPC (Nearly Proficient Comedian),Impatient Productions in association with Jubilee Street
Tom Evans: All You Weed Is Love,Tom Evans
Tom Lawrinson: Speak of the Devil,PBJ Management
Tom Little in His Comfort Zone,Tom Little / PBH's Free Fringe
Tom Neenan: Portrait of a Tom as a Young Neenan,"Tom Neenan and Topper & Fred, with Sophie Chapman Management"
Tom Short: I Get ChatGPT To Write My Edinburgh Show,Tom Short
Tom Skelton: VIP (Visually Impaired Papa),Tom Skelton
Tom Stade Rules,Tom Stade / Blue Jeans Management
Tom Towelling Teaches You to Knit,Berk's Nest
Tom Ward: Post-Millennium Tension (WIP),Ebdon Management
Tori Morancay: Le French c'est Freak,Tori Morancay
The Totally Improvised Musical,The Totally Improvised Company
Toxic Femininity,Molly McBride and Mariah Bowden
Tony Cantwell: You Cry Weird,Off the Kerb Productions
Tony Cony: Lost in New York,Fred Newnes
Top of Their Game,Unnecessary Pretense Comedy
Trans Butch: Glorious Dog Woman,Ash Routh
Trauma Made Me Hot,Mariah Girouard / PBH's Free Fringe
Traumedy: A Guide to Being a Fabulous Homeless Addict,Iain Anderson
Trent H Baumann: All the Atoms in the Universe Really Made My Day,MONFU
"Troy Hawke: Never Stop, Never Change!",Troy Hawke
Truth Warrior Network... Live!,Little Green Men
Turn This Sh*t Off,The Three Stools
TuzBiber 3'lü,TuzBiber Stand-Up
"Two Guys, One GCSE",A Dave Vaughan and Liam McGough Production
Twonkey's Soft December Night in Tallahassee,Paul Vickers Presents / Free Festival
UK Pun Off,Iain MacDonald / Free Festival
An Unbiased Afternoon with Allaster McKallaster,Allaster McKallaster
Underbelly's Big Brain Tumour Benefit,Underbelly and The Brain Tumour Charity
UNDERGROUND MONK SHOW,Soho Theatre
Utku Ergin,TuzBiber Stand-Up
Vittorio Angelone: Off the Cuff,Vittorio Angelone
The Vampire Run,Jonathan Laury / Free Festival
The Van Gogh Shogh,Donna Oblongata
Verity Sharpe: Landlord's Wet Dream,Verity Sharpe
Veterans v Civilians,Project COMEDY
Viggo Venn: Only One,Impatient Productions
Vittorio Angelone: you can't Say Nothing any more,Show And Tell in association with Curtis Brown and UTA
Viva Las Welvis! with Gareth 'Complete Nonsense' Rees,Gareth 'Complete Nonsense' Rees / PBH's Free Fringe
Wait What Show: Deal with the Devil,Wait What Show
Wakey Wakey (It’s Time for Laughter),Stuart Nixon
Walt Unfrozen,Caleb Dollar
The Wanderer,Roleen Conn
Whisky for Dafties,Alan Anderson
Wanging On Live,Gilded Balloon with arrangement by YMU and Platform Media
WEBBER!,Grant Sharkey
Who Killed The Plot?,Who killed the plot? / Free Festival
Who Wants To Be A Sketch Comedian?,Bristol Revunions
Wiki Knows Best – The Rest Is Islands Whackadoo Gone Wild,Whackadoo Creatives
What Doesn’t Kill You Makes You Funnier,Thao Thanh Cao
What's Happening Now?,Sam Hampson
Wild Wild Christian,Simone McAlonen – Performer / Midnight Flâneur – Production House
"Will Adamsdale: AI, AI, Oh... (Or How I Wrote a Hit Sitcom with ChatGPT But We're Not Talking Now)",Fuel and Will Adamsdale
Will Noah: Dinner Dinner Chicken Winner,Will & Noah
Will BF: Moon Team IIIV,Best Before Productions
Will Davies: Heroic Scale,Will Davies
Will Hitt: Burying The Dead,Will Hitt
Will Mars: A Year in Augusts,Need To Know Comedy
Will Sebag-Montefiore: Game of Phones,Will Sebag-Montefiore
William Thompson: Touch Grass,The Lisa Richards Agency
WIP It Up,Stand Up Sanctuary
Wisard,Julian Hernandez
Wood and Crook: Wooden Crook,Wood and Crook / PBH's Free Fringe
Written Off,The Dutch Cords Theatre Company
You Straights Are F**ked Up!,Bona Broadcasting Ltd / Turan Ali
Your Choice Amanda Royce,Rachel Twigg
Yvette Segan: Guy's Girl,AEG Presents
Zachary Ruane: Comedy,IAM
Zoe Cousin: Paul Sykes Is Back on the Family Patch,Zoe Cousin
Zoe Wohlfeld: Dog Funeral,Zoe Wohlfeld
Zara Gladman is... Aileen: Cameron's Gap Year Fundraiser,Zara Gladman
Zero F*cks,Zero
Zoe Brownstone: How To Be Happy All The Time,Zoe Brownstone / PBH's Free Fringe
2FLAMENCO,TUFLAMENCO
40/40,Two Destination Language
360 ALLSTARS,Onyx Productions
Afrique En Cirque,Cirque Kalabante
Afro Acrobatic Arts,Unity Ensemble
Afronauts,"Underbelly,Circus Zambia and Wake the Beast"
Agathi – The Plight of the Refugee,Apsaras Dance Company (Singapore)
Alegria Flamenca,Alba Flamenca
Allura,Suitcase Dance Theatre
Anatomy of Survival,Frauke Requardt and Vivienne Franzmann
Ayre,TuFlamenco
Basque Showcase: Jarraibiderik Gabe and Trembling Frequencies,Erain and Helena Wilhemsson
Bigger – France Showcase,Compagnie CHAABANE
Black Blues Brothers: Let's Twist Again!,Underbelly and Mosaico Errante
Border Bodies,T.F. Cia de Dança
Box [M],Flying Rabbit Circus
The Bride,Backbone Production | CCW China Season
By a Thread,One Fell Swoop Circus
Candyman: A Creamylicious Burlesque Comedy,Saint Edgar (Iceland)
Carpathyo: Becoming the Future You,Carpathyo
Ceilidhs (Scottish Dancing),Edinburgh Ceilidhs
Celtic Collective,YDance and National Youth Arts Wales
Circa: Wolf,Underbelly and Circa with Chamäleon Berlin
CODE,Justice in Motion
Collaborator,Ockham's Razor produced by Turtle Key Arts
Common Ground,Lothian Youth Dance Company and PRIME
Dance Realm,Street Dance Team (China)
DeRuWa / Hazy,The Busan International Dance Festival Organizing Committee
Double Take,Broken Box Mime Theater
Dragon,Yehyo Dance Company (UK/China/Taiwan)
DUSK/NIGHT/DAWN,VERTICAL DREAMSCAPE
Echoes of Being,Meitong Dance Theater | CCW China Season
Everybody's Got a Bomb,Riley Fitzgerald
EXIT,Circumstances
Feral,Josefina Cerda (Chile)
Final Queen,Harrison Sweeney
Fire,Fiona Henderson School of Dance
Flamenc Oh!!,Yllana / Suzanna Rosenthal Productions
Flamenco Fringe,Edinburgh Flamenco Fringe
Flamencodanza,Flamencodanza Aylin Bayaz with Raul Mannola (Spain)
Flesh,Still Life
Forgive Me,Tamsin Shasha
Formosa Viva,NTNUGIPA
Fringe Fragments,Various
Glass Child,House of Oz and The Farm
Glob,Underbelly and Les Foutoukours
Good Enough?,HIMHERANDIT Production / Part of #DANISH
The Great Chevalier,Ballet National Folklorique du Luxembourg
Green Snake,National Theatre of China
Guru Dudu's Silent Disco Walking Tours,Guru Dudu Productions
Ham Sandwiches and Discipline,NAF Dance
Gemini and Romantic 4:48am,Justyne LI and BLUE Ka Wing
Homebound,LSU Theatre
I Don't Care,Wuji Dance Company
I Made You A Mixtape,Response Theatre Company
If I Can't Dance I'm Not Coming,Karl Jay-Lewin and Matteo Fargion
Il canto dell'assiolo,Compagnia Bellanda
The Inner Us,Nikkan Dance Academy
July 15th to...,Producer: Wangjiayu Chu (Stephanie) Performer: Peiyi Zhong
Korean Tightrope Walking,Namchangdong Jultagi Team
The Last Lie of Pinocchio,Avanzi di Scena
Les Echos de la Rue and Sab'r,Detours Festival
Liberty,Mission of Innocents
The Masquerade,Jj Fadaka
MIR,SoBo Productions (Germany/Transnational)
M.I.S All Night Long,DON GNU / Part of #DANISH
The Moon,Center Stage Theatre
More Tales From Your Queer Elder,Lucia August/Everybody Can Dance
"New York, Finding Sunny Days",Yang Sun and Poets
not for glory,"Jack Anderson, Charlotte Mclean, Malin Lewis"
"Nüshu: Written for Her, On Her, By Her",The Great Her (UK/China)
The One You Feed,DanceMocha and CCM Dance Ensemble
Only Bones – Daniel Nodder,Only Bones Project
The Palestinian Circus: Step and a Half,Underbelly and The Palestinian Circus with Medical Aid for Palestine
PeoplePeople,tarinainanika (Japan)
Peregrinations,Dutch Kills Theater Company
The Pieces by Aloft,"Underbelly, Aloft and Cluster Arts"
Poles,Corpo Maquina
PRIME: We Are,PRIME
The Raft of the Crab,Ninon Noiret
The Revel Puck Circus: The Wing Scuffle Spectacular,The Revel Puck Circus and Underbelly
R/evolution(s),Dance Base Yokohama/Conan Amok
Samurai and Oiran,Asakusa Kaguwa (Japan)
SAND,Kook Ensemble
Sculpture and Poetry (Legacy),China Coal Mine Art Troupe
Shaolin Clown,Tom Corradini (Tom Corradini Teatro)
SICK,TF Dance Co
Snow,"Sacramento Contemporary Dance Theatre (California, USA)"
Soft Spot,OLO Company and Cluster Arts
Sophie's Surprise 29th,Underbelly and Three Legged Race Productions
Space In Between,Cosmic Dance
Spiral,Xiaowei Ren
Springboard '26,Performing Arts Studio Scotland
A Star and a Pearl,MMC Company
Stop Playing Jacob's Ladder With My Spine,HotCat Collective
Strange Tales from Liaozhai,Yuerge Dance Theatre / Shanghai International Dance Center Theater
The Sumo Show HIRAKUZA,Underbelly and The Sumo Hall HIRAKUZA
Superbowl Salsa,Dance Colombia
Symphony of Light,Symphony of Light
Taiwan Season: Proximities,LEI Dance Theatre
Taiwan Season: The Wall,Seed Dance Company
Taiwan Season: UNDER MASK,Mailantia Dance Company
"Tale of the Firebird – Concerto for Violin, Fire Acrobatic Orchestra",The Freestyle Orchestra
Tell Me,Sadiq Ali Company
Ten Thousand Hours,Gravity & Other Myths and House of Oz and Assembly
TSURU: My Crane Wife,Space GIGA Theatre Troupe
TWELVE: Going The Distance,Ballaro Dance
Unbounded Growth,Symbio Dance Collective | CCW China Season
°Up: Violin vs Football – France Showcase,Le Phare Centre chorégraphique National du Havre Normandie
Well-Balanced Dads,Whisper Theatre
What's Next?,ZOO
Where We Choose to Stand,Penny Chivas
Why English?,Vibhinna Ramdev
YOAH,"Underbelly, Cirquework and Cluster Arts"
YUCK Circus: Naughties,YUCK Circus
5k Edinburgh Running Tour,Stride Out Running Tours
Adam Smith: The Currency of Thought – Documentary Film Screening + Guided Panmure House Tour,Panmure House / Denny Center Georgetown Law / Windrider
Amazing Bangkok Thai Cookery – King Prawn Masterclass,Krua Thai Cookery School
Amazing Bangkok Thai Cookery Workshop,Krua Thai Cookery School
Amazing Bangkok Thai Street Food Masterclass,Krua Thai Cookery School
Amazing Bangkok Vegan Street Food Masterclass,Krua Thai Cookery School
Amazing Chicken Pad Thai Masterclass,Krua Thai Cookery School
Amazing Two Curries – Red Curry and Panang Masterclass,Krua Thai Cookery School
Artist,"TBD (California, USA)"
But The Main News Tonight,Nightpiece Media
"The Butcher, The Brewer, The Baker and Merryn Somerset Webb",Panmure House
Ceramics at the Shore,Fiona Thompson and Chris Donnelly
Coco's Art History Comedy Highlights Tour,"Max Norman, 5 Foot Entertainment, National Galleries of Scotland"
"Contemporary Kiltmaking: The Dye, Weave, Pleat Collaboration","Cavan Jayne, VEVAR, Acme Atelier"
Contemporary Kiltmaking: What Makes A Kilt?,"Andrea Chappell, ACME Atelier"
"Creating a Sonic Haven: Music, Connection and Equality",Dr Claire Garabedian
Darwin in Edinburgh,Jane Westhead
A Dram Good Time with Keeble Cask Co,George and Rachel Keeble and the Keeble Cask Company
The Drum'n'Bass Aerobics Experience,Drum n Bounce
E-bike Cycle Tour of Arthur's Seat,A wee pedal
Edinburgh – A Tale of Two Towns,Saints and Sinners Walking Tours
Edinburgh’s Fun and Funny Walking Tour,Edinburgh Street Historians
Distillery After Hours,Holyrood Distillery
Edinburgh's Greatest Hits Music Walking Tour,Edinburgh Music Tours
Edinburgh’s LGBTQ Walking Tour,Edinburgh Street Historians
Embro,Edinburgh Poetry Tours
Escape the Crowds – Walk Dean Village and the Water of Leith,Local Eyes Tours
Forgotten Swallies: A History of Lost Drinks in Scotland 2.0,Sip Antics Micro Distillery
Free Royal Mile Tours,Edinburgh Festival Voluntary Guides Association
From Sheep to Shop: Crafting Ethical Scottish Knitwear,Woolkind
Fun-Size Wine Tasting,Vegan Tipples
Highlight Tour of St Cecilia's Hall,Staff and Volunteers of St Cecilia's Hall
Hutton in Edinburgh,Jane Westhead
Jewellery Pop Up Shop – Made In Scotland,@han.bourn @ruth_lessly @balintsamad @manomjewellery @olivia_taylor_design
Life Drawing at the Pianodrome,Reconfigure Life Drawing in collaboration with the Pianodrome
Midnight Treats at the Fringe,Tipsy Midgie Whisky Bar
Modern Medicine: Menstruation,Physicians' Gallery
Notes of Freedom,Lisa Williams
The Most Toast,RGB Monster
Murder at The Speakeasy,Not Cricket Productions
Newscast,BBC
Nightpiece Film Festival,Nightpiece Media
Not Another Whisky Tasting!,"The Scotch Malt Whisky Society, 28 Queen Street."
Planetarium Lates: Sing-a-Long The Greatest Showman,Planetarium Lates at Dynamic Earth
A Plus One Ditch the Apps Live Dating Game Show,Ana Little
The Reset Room,Brahma Kumaris Inner Space – Edinburgh
Sacred Arts Festival Church Service at Old Saint Paul’s Orthodox: Vespers,The Sacred Arts Festival Singers
Sacred Arts Festival Church Service at St Giles',"The Reverend Dr Scott Rennie, Minister"
Sacred Arts Festival: Exploring Sacred Space at Magdalen Chapel,Peter Burman and Ross Burgess
Sacred Arts Festival: Exploring Sacred Space at Old Saint Paul’s Memorial Chapel,Mark Gibson
Sacred Arts Festival: Exploring Sacred Space at Sacred Heart,Sarah Galloway
Sacred Arts Festival: Exploring Sacred Space at St James Goldenacre,Dr Peter Burman and Ross Burgess
Sacred Arts Festival: Exploring Sacred Space at St Michael and All Saints,Fr Oliver Brewer-Lennon
Sacred Arts Festival Film at St Vincent’s Undercroft: The Life of Moses,Richard Kendall
Scottish Food and Drink Walking Tour,Edinburgh Food Safari
Shadowbanned,Ask A Stripper
Step One,Short Supply
Swirl Sip Socialise: Beyond the Label,Swirl Sip Socialise and Cask and Vine
Taste of Scotland,Ghillie Dhu
Three Drams Walk Into a Bar...,"The Scotch Malt Whisky Society, The Vaults"
Traditional Scottish Knit and Natter,Ginger Twist and Melanie Gall Presents
The Underground Lectures,Not Cricket Productions
V C Festival Sparkling Wine Tasting,Francesco Cardinale DipWSET
A Wee Dram at the Fringe,Cask and Vine
West End Fair,3D2D Events Ltd
Whisky Under the Stars,Dynamic Earth
Whisky Wanderer: The Whisky Trail,The Scotch Malt Whisky Society
The White Heather Club's Fringe Ceilidh,The Charlie Kirkpatrick Band
"A Wolf, A Weapon and Whisky with Skene Dhu",Cask and Vine and Skene Dhu
162nd Edinburgh International Photography Exhibition 2026,Edinburgh Photographic Society
Alison Kinnaird MBE – Art in Glass,Alison Kinnaird MBE
Art to Wear: International Contemporary Jewellery Exhibition,Lily Luna Edinburgh Jewellery Boutique
Artists @ Patriothall,Exhibition by Studio Artists
C digital performance and film,C presents
Catherine Opie: To Be Seen,National Galleries of Scotland
Clay 2026,Stockbridge Ceramics
Costume Couture: Sixty Years of Cosprop,Dovecot Studios
Echoes of Lingnan: Cultural Sustainability and Service Design,Guangzhou College of Commerce
Elizabeth Blackadder: A Life in Colour,Dovecot Studios
Eva Rothschild: The Void Presses The Wall,Fruitmarket
Exhibition: Craigmillar Tapestry,Craigmillar Tapestry Project
Festival Exhibitions,The Scottish Gallery
For the Safety of All: Scotland's Lighthouses,National Records of Scotland
From Traquair to Tiree,Moy Mackay
Giants,National Museums Scotland (From Royal Belgian Institute of Natural Sciences)
Gwen John: Strange Beauties,National Galleries of Scotland
Jake Chapman – Nicesis: The Unwellness of Wellbeing,Scott Lawrie Gallery
Jewellery of the World,Galerie Mirages
Make Me Bouquet,Zone 10
A Merchant’s Journey,Galerie Mirages
Mesmerising Mechanisms,Ian Graham
Morphological Murmurations,Theodore Koterwas
Open Studios at Beaverhall Arts Studios,Beaverhall Art Studios
Paisley Patterns,Davy Macdonald
Paperback Revolutions,National Library of Scotland
Phoebe Anna Traquair Murals at Mansfield Traquair Centre,Friends of Mansfield Traquair Centre
Rain,National Library of Scotland
Recovery Room,Dr Neil's Garden
Sacred Arts Festival Exhibition 'Bordering on the Sacred' at St Vincent's Chapel Undercroft,"David Grossart, Carol Marples"
Prison Nursing Unlocked: A History of Care and Justice,Royal College of Nursing
Terrane,ætla
The Wee Museum of Memory and The Wee Play Hub,Living Memory Association
The Worst Record Covers in the World,Steve Goldman
2 for the Price of Song,Alasdair Dow and Stuart Honeyman
"2 Guys, 3 Drams: The Ultimate Live Blues and Whisky Experience",Water of Life Productions
5 Dates with Italian Jazz Affair,Anna Vanosi
5 Nights of Valery Ponomarev: The Jazz Messenger,The Valery Ponomarev Quintet
10 Years in Harmony,HarmonyChoir
14th Year! John Hunt Four O'Clock Afternoon Blues and Swing 27 Club,Amplified House and Assembly Festival
70s Jukebox by The 60 Four,The 60 Four
1-800-Harmony-Hotline,The Bristol Suspensions
1896-2026: An Epic of Electronic Music and its Technology,The Riventron Factory (Poland)
"1933 – Fats Waller, Harlem and the Blues Belters",Ali Affleck and The Gin Mill Genies
Aaaah it's Nicole Smit and Jed Potts!,Nicole Smit and Jed Potts
ABBA Gold The Concert,Solid Gold ABBA
ABBA Odyssey Live in the Club! For One Night Only!,ABBA Odyssey
ABBA Odyssey – The Live Concert!,ABBA Odyssey
"ABBA, The Journey",Night Owl Shows
About Legends and Legacies,The Spatz Quartet
About Women,Alison Bishop and Stuart Hope
Absolute Frankie Valli and The Four Seasons,The False Seasons
Acoustic Blues and Roots in the Afternoon,Malt & Rye
Acoustic Blues with Smith and Tweeddale,Derek Smith and Sandy Tweeddale
After Hours Vocals: Welcome to the Club,The Menagerie Club
An Afternoon of Uplifting Piano and Song with Angela MacKenzie,Angela MacKenzie and Friends
Afternoon Violin and Piano,Sheena Jardine and Stephen Doughty
Aja! A Steely Dan Tribute,Aja! A Steely Dan Tribute
Akiko Okamoto in Concert,Akiko Okamoto
Akiko Okamoto Plays Beethoven's 4th Piano Concerto,Akiko Okamoto and strings
Alastair Savage and Ailie Robertson: Fiddle and Clarsach – Scottish Roots,Alastair Savage and Ailie Robertson
Alastair Savage and Alice Allen: Fiddle and Cello – Scotland and Beyond,Alastair Savage and Alice Allen
Alastair Savage – Scots Fiddle Old and New,Alastair Savage and Friends
Alastair Savage – The Fiddle and Robert Burns,Alastair Savage and Gregor Blamey
Ali Affleck's Queens of Swing,Ali Affleck and the Bedlam Boys
All Aboard the Jazz Express!,The Hot Jazz Vagabonds
Ali Affleck Presents Billie Holiday – Swing Brother Swing!,Ali Affleck and the Gin Mill Genies
Ali Affleck Presents the Louis Armstrong Duets with Ella Fitzgerald and Bing Crosby,Ali Affleck's Swinging Scoundrels
Ali Affleck Presents the Queens of Country,Ali Affleck
All Eyes On Us,The Songsmiths
All the Hits of The Beach Boys,The Beached Boys
Allman Brothers Appreciation by Safehouse,Stirling Vision
Amazing Life Gospel Choir in Concert,"Amazing Life Gospel Choir, directed by Angela MacKenzie"
America's Hot Jazz and Blues Roots with The Vagabond Jacks,The Vagabond Jacks and International Guests
Amy – Tears Dry on Their Own,Fringe Management
Amy Winehouse Celebration,Jes Moon
Amy Winehouse Meets Jazz by Marianne McGregor,Marianne McGregor Trio
An Tinne,Anne Martin
Andrea Carlson and the Love Police!,Andrea Carlson and the Love Police!
Another Summer,Some Strange Harmony
Appassionato: Romantic Songs of Italy,Philip Contini and Anne Evans
Aquapella,Aquapella
Arabesque,Stefan Warzycki
Are Musical Comedians a Chinese Psyop?,The Kev
Around The World In 60 Minutes,Take Note Edinburgh Choir
Attila the Stockbroker's Early Music Show,Attila the Stockbroker and Calum Baird / PBH's Free Fringe
Attuned Duo,Wendy Leung (piano)
Auld Lang Sing,Anam Alba Creative CIC
Bach and Brahms,Anne-Isabel Meyer (cello) and Julian Jacobson (piano)
Bach Cello Suites,Anne-Isabel Meyer
Bach Complete Violin Solo I,Wolfgang David and David Gompper
Bach Complete Violin Solo II,Wolfgang David and David Gompper
Bach Complete Violin Solo III,Wolfgang David and David Gompper
"Bach, Handel, Vivaldi",Bach Ensemble of Edinburgh
Bach Island,Janet Lees and Rab Woods
Bach: Organ Works,David Hamilton: Organ
Be United Presents: Rhythm and Bass,Be United
Bach Preludes and Gigues,Anne-Isabel Meyer (cello)
Back to Black: The Story of Amy Winehouse,Night Owl Shows
Bad Girls,Bad Girls Creative
Bad Santa and the Angry Elves,Bad Santa and the Angry Elves
Barnsley Youth Choir – Illuminate,Barnsley Youth Choir
Bearnhardt: Beyond Burnout,Bearnhardt
Beatles Acoustic Trio,Boyds Music
The Beauty of Sound in Japanese Traditional Performing Art 2026,Tanaka Denjiro and musicians
Beefheart – Big Dummies!,Orange Claw Hammer
Behnam Ghazanfaripour – The Music of the Santour,Behnam Ghazanfaripour – Persian Classical Music
Bel Cobain,Bel Cobain
Best of Burns,Kevin Thompson
Best of the West End!,Show Choir
Big Band Bublé,Michael Hastie and Jon Ritchie & That Swing Sensation
The Billy Joel Story,Night Owl Shows
Blue Note Nights: JazzMain on the Fringe,JazzMain
Bluebell Swing,Bluebell Swing
Blues Guitar Duo – Hot Tin Roof,Hot Tin Roof
The Blueswater,The Blueswater
Bob Dylan On Piano,Mike Kearney
Bonnie Bayou,Jennifer Ewan Band
Boom Boom Battle of the Big Bad Bosses,Yat Po Singers
Both Sides... Phil Collins and Genesis Celebrated,Night Owl Shows
The Bowie Story,Night Owl Shows
Brass Tracks,Brass Tracks Quintet
The Breakup Variety Hour,Ariana and the Rose
Broadway Melodies: The Joy of Musical Theatre,Philip Contini and His Be Happy Band
Bruntsfield Baroque,Bruntsfield Baroque
Cabaret with Pitchcraft,Pitchcraft
Celebrity Organ Recital II: American Connections,Matthew Beetschen
Cadenza at the Fringe,Cadenza
Celebrity Organ Recital III: Great Danes,Kevin Duggan
Caledonia,Elsa Jean McTaggart
California Dreams,Night Owl Shows
Candlelight Concerts: The Complete Mozart Piano Sonatas,Fringe Classics
Celebrity Organ Recital I: Continental Connections,Brigitte Harris
Celebrity Organ Recital – Rachel Mahon,Rachel Mahon
Celebrity Organ Recital – Tom Little,Tom Little
Celtic Tales,Elsa Jean McTaggart
Celticana: Scottish Soul Meets Americana Grit,Steve Crawford and Spider MacKenzie
Channel,Wet Hands
Cheryl – A Rock Opera,Attila the Stockbroker and John Otway / PBH's Free Fringe
Chloe Matharu,Chloe Matharu
Chopin / Schubert: Sorrow and Hope,Ailsa Aitkenhead
Cirque du Piano,Fringe Classics
Clann An Drumma: Thunder of the Celts,Clann An Drumma
Classical Bagpipe Music – Scotland's Hidden Treasure,The Piobaireachd Society
Classical Guitar Jonathan Prag,Jonathan Prag Classical Guitar
Claude Bourbon – Progressive Blues,Claude Bourbon
Code of Grace,Grace Art Studio
Colin Steele and Martin Kershaw Quintet play Chet Baker and Stan Getz,Colin Steele
Colin Steele Quintet play Miles Davis,Colin Steele
Colours in Traditional Japanese Music,Tanaka Denjiro VII and musicians from the Kabuki Theatre
Concerto for Choir,Calton Consort
Concerts of the Future,"House of Oz, The Sonicrats and the Melbourne Symphony Orchestra"
The Corner Room at the Fringe: Little Acres and Swinging on Birches,Little Acres / Swinging on Birches
The Corner Room at the Fringe: Timmy Allan Quintet and Matt Gough,"Timmy Allan, Matt Gough"
Crazy Little Sing Called Pub,Crazy Little Sing Called Pub
Culture Code,Culture Code Orchestra
Curmudgeon – Traditional Scottish Folk Music,Curmudgeon
Dancing Mice – The Truth,Dancing Mice
"Daniel Cainer: What Am I, Chopped Liver?",Daniel Cainer / Suzanna Rosenthal Productions
Daniel Martinez – Flamenco Lunch,Daniel Martinez Flamenco Company
A Date with the Everly Brothers,Plutonium Shows
The Days Between,The Lightnin' Way
Dean Friedman – Songs for Grownups,Dean Friedman
Dear Emily,Beyond the Blue
Debussy's Romantic Piano by Candlelight – Clair de Lune,Fringe Classics
Derek Smith Sings The Blues,Derek Smith (Main Street Music)
The Diamond Dugs (Present the Music of David Bowie),The Diamond Dugs
Divas of Soul,Divas of Soul
Django Reinhardt's Hot Club Jazz Meets Scottish Folk,Celtic Django Project
The Dolly Parton Story,Night Owl Shows
Dowally,Dowally
Durango Blue,Durango Blue
Edinburgh Renaissance Band’s Viol Rackett Show 2026,Edinburgh Renaissance Band
Edinburgh Shanty Night vs the Fringe,Edinburgh Shanty Night
Dynamics at the Movies,Durham Dynamics
Edinburgh Mozart Meets Worcestershire Lad,"Edinburgh Wind Serenades, conducted by Laurence Perkins"
Edinburgh Renaissance Band's Saints and Sinners 2026,Edinburgh Renaissance Band
"Edinburgh Youth Orchestra performs Mahler, Marquez and Oetomo",Edinburgh Youth Orchestra
Einaudi's Piano by Candlelight – Spirited Away,Fringe Classics
Ella Munro,Ella Munro
Elton John Songbook,Fringe Management
The Elton John Story,Night Owl Shows
Elvis,Fringe Management
Emma Miller: Live at St Vincent's Chapel,Emma Miller
Espirito do Brasil,Brian Molley Quartet (BMQ)
An Evening with The Magic Numbers,The Magic Numbers
Everett Chorale: Celebration Concert,The Everett Chorale /
Everything Is Everything – A Donny Hathaway Tribute,Funky Lion Productions
Extra Lives: The Interactive Video Game Concert,Extra Lives
Fauré's Requiem by Candlelight,St Andrew Camerata
Festival CD and Record Fair,Allander Record Fairs
Festival Music Nights,C presents
"Fireflies, Green Seas and Burning Cities: Original Piano Compositions by Ailsa Aitkenhead",Ailsa Aitkenhead
Flamenco Guitar Odyssey,Philip Adie
The Fleetwood Mac Story,Night Owl Shows
Fleetwood Mac's Rumours With The Transatlantic Ensemble,The Transatlantic Ensemble
FLOWERCORE by Siobhan Wilson,Siobhan Wilson
Footstomping Live Scottish Music,Footstomping
Four Courses of Italian Song,Anna Vanosi
Frankie Mack: Wired Differently – Scotland’s ADHD Showman,Frankie Mack
Full of Hot Air,David Vernon (accordion) and Dick Lee (clarinet)
Full Score Barbershop Choir Presents: Brace for Impact!,Full Score Barbershop Choir
Fysics I: Songs for Voice and Guitar,Fysics (Josef Lamberti)
Gavin Marwick with Ruth Morris and Aaron Jones,Gavin Marwick with Ruth Morris and Aaron Jones
Get Up and Gospel!,Wellingborough Community Gospel Choir
The Gil Scott-Heron Songbook,Funky Lion Productions
Giuseppe Verdi and his 19th-Century Contempories – Celebrating Verdi's 125th Anniversary (1901-2026),"Sungho Kim tenor, Llŷr Williams piano"
Glamour and Grit: The Women Who Defined Soul,Kat Brooks
Gone Native,Nicholson and Gore
Grappelli and Ella,Seonaid Aitken and Conor Smith
Great Gatsby Party – Songs of the 1920s-30s,Fringe Classics
Handel Nine German Arias,"Angela Hicks (soprano), Ancient Music Promotions"
Hannah Foster (Flute) and Simon Leach (Harpsichord),Simon Leach and Hannah Foster
Hans Zimmer's Hollywood,Fringe Classics
Harmony in Blue,Edinburgh Police Choir
Hepcat Swing,Dick Lee’s Hot Club Hepcats
A History of Jazz In Four Saxophones,Mark McKergow Quartet
Hootenanny! – Scottish Folk Sessions by Candlelight,Fringe Classics
Horsegirl,Horsegirl
Hot Dub Time Machine Presents House Party,Hot Dub Time Machine
Hot Sounds Island: A Celebration of Japanese Jazz Fusion,Hot Sounds Island
I Am a Pilgrim: The Story of American Gospel Music,Wallace State Community College Fine and Performing Arts
Illuminata,"Maria Rud (live painting), Susan Hamilton (soprano), Lucia Capellaro (cello)"
Improvisations on a Left-Handed Piano,Christopher Seed
In the Round: Songwriter's Round with Eve Simpson and special guests,Eve Simpson and guests
Introduction to Traditional Japanese Music,Tanaka Denjiro and musicians from the Kabuki Theatre
Inverkeithing Community Big Band,Inverkeithing Community Big Band
Iona Fyfe: Scottish Folksinger,Iona Fyfe
Jazz a la Carte,Tenement Jazz Band
Jazz at Lunchtime,Ian Millar and Dominic Spencer
"Jazz at the Fringe: Ballads, Blues and Spirituals","Matt Holborn, Fraser Urquhart and Ed Kelly"
Jazz in the Cellar,The Argyle House Band
Jazz Jamboree,Paul Harrison (piano) and Dick Lee (clarinet)
Jazz Sessions by Candlelight: Rhapsody in Blue,Fringe Classics
Jed Grimes,Jed Grimes
The Jive Aces: The Roots of The King,The Jive Aces
JJ Cale Appreciation Show,Stirling Vision
Johann Sebastian Bach,Bach Ensemble of Edinburgh
Johnny and June: The Story of Johnny Cash and June Carter,Lars Pluto and Jane Crowley
Joni Mitchell: Take Me As I Am,"Rainee Blake in Association with Fringe Management, LLC"
Just Radiohead,Just Radiohead
The Kate Bush Story,Night Owl Shows
The Katet vs John Williams,The Katet
Kenny Thomas,Kenny Thomas
"Kevin Gore: Original and Traditional Folk Songs of Scotland, Love, and Social Justice",Kevin Gore
Kim Edgar: Songs of Unity Singing Workshop,Kim Edgar
Kate Witney and Jonty Nowell,Kate Witney
The Katet vs 1995,The Katet
Kim Edgar: Songs of Unity,Kim Edgar
Kurtág at 100!,Valeria Szervánszky and Ronald Cavaye
La Chatte Chanteuse,Kat Brooks
La Decima Musa or The Tenth Muse,Musica Antica Rotherhithe
The Last of the Mohicans (Silent Movie with Live Musicians),David Series
Le Vent du Nord,Le Vent du Nord
Lean On Me – A Bill Withers Tribute,Funky Lion Productions
The Legend of Queen,Night Owl Shows
Legendary Pianist Julian Jacobson Returns with Great Classics,Julian Jacobson
Legends of Music,Pete Sinclair and Pete Storm
Live Original Music by Folk-IndieBob,Bob Augustine
Lorna Reid Sextet: Ain't Misbehavin'!,Lorna Reid Jazz Sextet
Let's Listen to Some of Lou Bega's Other Songs Together for an Hour,RGB Monster
Life Writing with Jez Lowe,Jez Lowe
Lights Out By Nine – Live!,Lights Out By Nine
Lindisfarne,Lindisfarne
Lost at Sea!,Hithertones Vocal Ensemble
The M8s Live 2026,The M8s
Made In Scotland Gigs presented by Wide Days,"Made in Scotland, Wide Days"
Maestro – The Masterclass With Beethoven Himself,Fringe Classics
The Maid of Norway – A Queen of Scots (1286-1290),Nordic Voices Norway
Marchmont Music,Marchmont Music
Marshall Gilmour Webbs,Marshall Gilmour Webbs
Martin Speake Jazz Duo,Martin Speake (alto sax) and Will Butterworth (piano)
"Mary, Queen of Scots – Queen of 3 Kingdoms","Marianne Beate Kielland mezzo-soprano,"
Material Girl: Madonna The Icon,Night Owl Shows
Michelle McManus and Anna Welander Present: Talk About Pop Music,Michelle McManus and Anna Welander
Musical Soulmates: Songs of Billie Holiday and Lester Young,Pitchblenders
Michelle Shocked: Bootleg This!,Roadworks and TKD Productions
Mills Farrell,Mills & Farrell
The Moon is Distant from the Sea: Songs of Emily Dickinson,Kirstin Anderson and Ailsa Aitkenhead
Mrs Weatherby's Concert Party,Mrs Weatherby's Concert Party
The Music of Sonny Rollins,Mark McKergow Quartet and Porter Jones
Ndlovu,Ndlovu Youth Choir
Neil Young On Piano,Mike Kearney
"A New Blend at the Royal Oak: Joe Jedson, Album Preview",Joe Jedson
Nick's Daughter,Nick and Livi Graham / PBH's Free Fringe
No Strings Attached Community Wind Band,No Strings Attached Community Wind Band
No' The Corries,Kev Thompson and Ross Hunter
North Sea Gas,North Sea Gas
Northern Lights Presents... Horrible Harmonies (History as You've Never Heard It Before!),Northern Lights A Cappella
Nosferatu with Live Score,Graeme Stephen
The Not So Serious Burns Unit,Hamish MacDonald and Liza Mulholland
Oh My God! It's The Church,Oh My God! It's The Church
Old Saint Paul’s Summer Concerts,Old Saint Paul’s Music
Oscar Jerome,Oscar Jerome
Otway,John Otway / PBH's Free Fringe
Out of the Blue,Out of the Blue
The Oxford Alternotives A Cappella: A Degree of Harmony!,The Oxford Alternotives
The Oxford Gargoyles: Jazz A Cappella,The Oxford Gargoyles
Paper Sparrows,Paper Sparrows
Pascol – Vocal Performance,Pascol
Peace and Harmony,Edinburgh Telephone Choir
Pergolesi – Stabat Mater and Magnificat,CORO 26
Perth Youth Orchestra Concert,Perth Youth Orchestra
Piano Concertos by Candlelight: Candlelight Baroque,Fringe Classics
Piano Concertos by Candlelight: Rachmaninoff 2,Fringe Classics
Piano Concertos by Candlelight: The Best of Mozart,Fringe Classics
Piano Favourites,William Alexander
Piano Fug-itiv,Laslasman
Piano Masterworks 2026,Charles Whitehead
Piano Recital,Alasdair Cameron
Piano Recital with Marc Corbett-Weaver 2026,Marc Corbett-Weaver (Piano)
Pianodrome Free Lunchtime Concerts,Various Artists
Pigs Pigs Pigs Pigs Pigs Pigs Pigs,Pigs Pigs Pigs Pigs Pigs Pigs Pigs
Planetarium Lates: Pink Floyd’s Dark Side of the Moon,Dynamic Earth
The Planets 360,Dynamic Earth
PLASTIC,Minyoung Kim
Positively Dylan,Jimmy Lee
The Really Terrible Orchestra,The Really Terrible Orchestra
Prana,Prana
Primary School Bangers,James B Partridge
The Quiggs Folk Duo,The Quiggs Folk Duo
Rachmaninoff / Beethoven: Fire and Passion,Ailsa Aitkenhead
The Rat Pack – Iain Ewing Quintet,Colin Steele
Red Hot Roots of Jazz,Tenement Jazz Band
Rhapsody in Chicago Blues,SoundZChicago – pianist Tim Barton
Rhinestone Cowboy: The Glen Campbell Story,Lars Pluto
The Rise of The Eagles,Night Owl Shows
The Rising – A Tribute to Springsteen and The E Street Band,The Rising
Rock Choir,Rock Choir
Sacred Arts Festival Music at Sacred Heart: O For a Thousand Tongues – Celebrating The Musical Wesleys,Sacred Arts Festival Singers
Romy Wymer and Rebekah Woodier,Romy Wymer and Rebekah Woodier
Royal Scottish Pipers' Society and Friends,Royal Scottish Pipers' Society
Sacred Arts Festival Music at St Giles': James Macmillan – Ninian,"Sir James Macmillan, Calum Robertson and Jack Oades"
"Sacred Arts Festival Music at St John’s, Princes St: Tango Mass and Magnificat","Mackintosh Choir, director Au Arias"
RuMac,RuMac
Sacred Arts Festival Music at St Mary’s Metropolitan Cathedral: Music for the Homeless Jesus,"Schola Cantorum,"
Sacred Arts Festival Music at Canongate Kirk: Young Composers Competition Recital,"Cecilia McDowall, Sacred Arts Festival Singers"
Sacred Arts Festival Music at Old Saint Paul’s: To be a Pilgrim – Words and Music in Search of God,Choir of Old Saint Paul's
Sacred Arts Festival Music at St Vincent’s Chapel: A Hymn on Divine Musick – Britten's Baroque Songs,Sam Madden and Will Sims
"Sand, Silt, Flint",Fiona Soe Paing
Sandy Brechin and Gary West,Sandy Brechin and Gary West
Sandy Not Just on Sunday,Sandy Brechin
Sax Appeal 2026,The Hume Saxophone Quartet
Scotland in Song,Terrific Trouble Ceilidh Band
Scotland Meets the United States of America,Peter Seivewright (pianoforte)
Scotland’s Songs and Music,Terrific Trouble Ceilidh Band
"Scottish Lieder with Brian Bannatyne-Scott, Jamie MacDougall and Susan Hamilton",Brian Bannatyne-Scott
Scottish Sinfonia,"Leader: Richard Gratwick, Conductor: Neil Mantle, MBE Soloist: Maya Irgalina"
Seasons in Traditional Japanese Music,Denjiro Tanaka Vll and musicians from the Kabuki Theatre
Sekoya,Sekoya
Shirley Bassey: The Life of a Dame,Sally McGreevy
#SHORN by Elsa McTaggart,Elsa Jean McTaggart
Showtime – West End Musical Choir,West End Musical Choir
Simon Garfunkel and Beyond,Night Owl Shows
Sing It!,Great Yorkshire Chorus
Sing-a-Long Scotland,"Johnny Collington, SingUp4"
Sitting on a Cornflake: Lennon and McCartney,Brothers Broke
Skyrie: 3-Piece Celtic Folk Band,Skyrie
Sobremesa – Where Words and Music Meet at the Table,Nus Duo
Solea – An Afternoon of Guitar,Solea
Solo from the Pit,Elias Faingersh / Teater KEF
Solo Way Ukrainian Choir,Solo Way
The Song of the Ice,Steve Garrett
Song Over Scotland,Robyn Stapleton
The Sorries,The Sorries
The Sound of 17: A Big Band Spectacular!,Sound of 17 Big Band
Sound Strokes: A Harmonious Blend of Chinese and Scottish Music,Wan Xing
Soundbone plays Led Zep,"Chris Greive (electric trombone), Graeme Stephen (guitar), Davide Rinaldi (drums)"
Sounds of St Cecilia's I: The Forgotten Baroque Traditions: A Self-Portrait of a 21st Century Artist,Kenneth Yeung
"Sounds of St Cecilia's II: Conversations, Baroque, Blue and Beyond",Hilary Michael and Richard Michael
"Sounds of St Cecilia's III: Spanish Flavours: Dance, Fire and Elegance",Cokus Duo
Sounds of St Cecilia's IV: Fit for a Flute,Gerry McDonald and John Kitchen
Sounds of St Cecilia's V: Shakuhachi: The Sound of Silence,Markus Guhe
South London Jazz Orchestra,South London Jazz Orchestra
SpitNights – Poetry Meets Improv Jazz,SpitNights
St Mary's Cathedral Choir: Songs of Farewell,St Mary's Episcopal Cathedral Choir
St Mary's Cathedral: Lunchtime Recitals,Various perfomers
St Mary's Cathedral: Organ Recitals,St Mary's Episcopal Cathedral
Stations of Mychal,"Richard Novak, Ames Asbell and Joey M Martin"
The Steilers and Friends,The Steilers
Stevie Nicks – The Gypsy That I Was,Fringe Management
Stitch in Time: A Knitting Cabaret,Melanie Gall Presents
Stomp Off! Jazz and Ragtime Jam Session,Tenement Jazz Band
Stories in Song,Kate B and Michael Grayson
A Story of Love and Loss,"Duo Lamorniana: Ricarda Schmidt, viola and Ute Weickenmeier, piano."
The Stray Notes Choir,The Stray Notes Choir
Sundown Swing,Sundown Swing
The Swingaholics live at Valvona Crolla,The Swingaholics
Swingin' Solo Jazz Piano 2026,Charles Whitehead
That 70s Choir!,Jam Theatre Show Choir
There's A Song For That,Overton & McCann
This Is The Kit,This Is The Kit
This Old Cello Box,William Jack
The Times They Are Still A-Changin',Bruce Davies
To Be Arranged...,University of Exeter’s Illuminations A Cappella
Together in Harmony,Wilson Falconer
Tom McGuire and The Brassholes,Tom McGuire and The Brassholes
Tone Up: Nae Instruments Needed,Tone Up
Tùs/Origin... and Jazz Was Born in Scotland,Brian Molley Quartet
Tutti Orchestra: Around the World,Tutti Orchestra
Violin and Piano: Beloved Melodies,Wolfgang David and David Gompper
Vivaldi Gloria and Other Italian Splendours,Edinburgh New Town Church Choir
Two Great Scottish Pianoforte Passacaglias,Peter Seivewright (Pianoforte)
Ukrainian Collective,"Karina Cherviakova, Nataliia Khomenko, Flowers of Ukraine and Tvorchi UA"
Voices of Lions,Artfelt
Vox Stars presents Star Inspirations,Vox Stars
Vroni's Streetpiano Party,Vroni Holzmann and Joey Sanderson
Valentin Sylvestrov b1937 – the World-Famous Ukrainian Composer,"Andrii Kymach baritone, Jâms Coleman piano"
WACAPPELLA,Winchester A Cappella
Wagner’s Ring for people who can’t be bothered to sit through it,Rainer Hersch
Wallace and Gromit Live: A Grand Day Out,Whitburn Band
Wallace and Gromit Live The Wrong Trousers,Whitburn Band
Welcome to the End of the World,Case Watson
When Judas Met John: Dylan and Lennon,Brothers Broke
Where Do You Come From?,Glen Peters
"Whisky Witches: An Immersive, Magical, Musical Whisky Tasting",Whisky & Witches
The Whistlebinkies Play Scottish Folk,The Whistlebinkies
Will Pickvance: Piano Diaries,Will Pickvance
Woman,Echo: Amplifying Women's Voices in the Arts
Women of Rock,Night Owl Shows
Wylde Britain,Laurence Perkins
1 Missed Call,Chris Duke
2ShoulderPads: Galaxy Train,2Shoulderpads
9 to 5 JR,Stage Skool LIVE
The 25th Annual Putnam County Spelling Bee,Potomac Theatre
An A to Z Guide to Dating,The Queens of Cups
After Winter,Beyond Words Theatre
Afternoon Arias,"Brian Bannatyne-Scott, Beth Taylor and friends"
Alice by Heart,London Academy of Music and Dramatic Art
All Shook Up,Sound Events Scotland Theatre
American Idiot,Sound Events Scotland
And They Played Shang-A-Lang,Edinburgh Little Theatre
Anne of Green Gables,Sussex Theatre Collective
Antigone 1989: A Town Hall Musical,Vine & Light / Rhymes with Purple
Apparently Ugly: A Stepsister Story,ERA Theatrical Productions
Avenue Q,Sound Events Scotland
The Ballad of Isobel Gunn,Melanie Gall Presents
Ballgowns and Bibshorts,Grace Lovelass
BeetleMania,Chevron Theatre
Best of the West End Musicals,Jaz Alice Music
'Beth,"Ashville, Harrogate"
The Big Bad Wolf,The Plandits
Bipolarcoaster,Amanda Andrews
Bliss,"Susan Edelstein Productions, ATG Productions and Gavin Kalin Productions"
The Bloody Ballad of Bette Davis,Piper Theatre Productions
The Bloopers! An Improvised Musical Biopic,We’re Gonna Be a Dad!
Bottom's Dream,Artist's Workshop
Brodie and Co,1552 Productions
Burke'n'Hare: Let the Bodies Hit the Floor,"Old'n'Dead Productions, Edinburgh Rep Company / PBH's Free Fringe"
Bush! The Musical A Brief History of Musical Theatre,Edinburgh Music Theatre
Britain’s Got Nonsense,Lgw Musicals
Broadside,April Alsup Productions
Broadway Belters,Curtain Up Productions Ltd
Carnegie,Edinburgh Little Theatre
Carrie: The Musical,Edinburgh University Footlights
Cavalleria Rusticana / Pagliacci,Aria Alba – Opera For All
Charles II: Living Libido Loca,"Old'n'Dead Productions, Edinburgh Rep Company / PBH's Free Fringe"
Charming! The Musical,Grownup Playhouse
A Chorus Line,Edinburgh Little Theatre
Chunxiang's Schoolroom Prank,Jingkun Chinese Arts
Cleo,Daisy Chain Media Management (New Zealand)
Codetta,Kismet
Come From Away,Captivate Theatre
Come From Away,Viva Arts and Community Group
Crapp's River,Sacred Heart University Repertory Theatre Company
Cricket The Freebugs,The Freebugs
Cry-Baby the Musical,Charter Oak High School
Dear Evan Hansen,Captivate Theatre
Disenchanted! The Hit Musical,The Production Garden presents The Lichfield Garrick Production
Disney's Frozen The Musical,Forth Children's Theatre
Doing Time with Lavinia,"Poppa Productions (New York, USA)"
Dune! The Musical,Dan Collins / PBH's Free Fringe
Dystopia 26: The Rock Opera,Beldon Haigh
Earth to Squiggy: A Lenny and The Squigtones Musical,Natalie Lander and Alex Ellis
Edinburgh Days,Belt Of Celt
Elizabeth I: Regina Vagina,"Edinburgh Rep Company,Old'n'Dead Productions.Erstwhile Media / PBH's Free Fringe"
Endometriosis: The Musical,Ripped Nylons Productions
Escape Room: The Musical,Grownup Playhouse
Fantasy World Adventures Mega Park! The Musical,FWAMP! Theatre Company
The First 8,Daisy Chain Media Management (New Zealand)
Flesh,Softplanet Productions
Fool's Goldmine,Stacie Burrows
Footloose: Youth Edition,Cup and Dagger
Frames,"Jon Andrew Franklin Entertainment (Seattle, USA)"
FUCCBOIS: LIVE IN CONCERT,House of Oz and Soft Tread Enterprises
Game Theory,London Academy of Music and Dramatic Art
Girlhood in the Bathroom,Girlhood Productions
GIRLZ,Meon Productions
Grimm AF,Baby Wants Candy
Hamlet: The Musical,Dancing Salmon Productions
HDMT Presents Dare to Dream JR,HDMT
Heated Rivalry: The Musical Parody!,Quick and Funny Musicals / Rhymes with Purple
Helen Shapiro Walkin' Back,Kingdom Theatre Company
Heracles: Of Men and Beasts,The Barden Party
Herstory in History,Fu Studio
High School Musical,Captivate Theatre
Hole!,American Sing-Song (ASS)
Honk! JR,Captivate Theatre
How To Fix A Fairytale,Papaver Productions
Imagine,BYU Young Ambassadors
Into the Woods,Captivate Theatre
Introductions,Marnie and Martin Productions
John Logie Baird – The Musical,Robin Cairns
Keaomelemele,Kamehameha Schools Hawai'i
Kevin! [The Musical],Kevin! [The Musical] Company
Knight's Dream,Muchadoaboutmusicals
The Lady Prince Consort,Asian Arts Global with Anqing Zaifen Huangmei Opera Theatre
The Last Five Years,SCT Encore
Legally Blonde JR,Denver School of the Arts Theatre Department
Legendary,"Cheeyang Ng / Everything is Maya, Communal Practice, Jennifer Leigh"
Les Misérables School Edition,Captivate Theatre
Lisa! The Mona Lisa Musical,We’re Gonna Be a Dad!
Little Pink Dress,"Joey Jennings (New York, USA)"
Little Shop of Horrors,Sound Events Scotland
Liu Ling Zui (Old Drunken Dream),China Coal Mine Art Troupe
Midnight Train to Nowhere,Cambridge University Musical Theatre Society
Miscast Sondheim,LAMDA in association with LIVEWIRE Prods
Lost the Plot: An Improvised Musical,Lost Improv
Marvelous Wonderettes '58,Petitcodiac Regional School
Matilda Junior,Captivate Theatre
The Meeples: XXX,Artist's Workshop
Mother Earth,OddSock Theatre
Mountains and Seas: A Mandarin Rock Musical,NTNUGIPA
Moving On: A New Musical,Happy Sad Productions
Mulan,"Changping School,"
A Murder Mystery Musical – The Detective's Demise,Grownup Playhouse
MUSE: The Shakespeare Mayhem Musical,Muse
Music Murder By...,Jessica Welsh and Wikus van der Hoven
Nearlyweds – The Musical,Jaz Alice Music
Neon Coven,KZ creative collective
Newsies JR,Captivate Theatre
Next to Normal,Bare Productions
A Night at the Musicals,Exeter Spotlights
Noteworthy: The Made-Up Musical,Noteworthy Improv
Nuns of Fury!,Rocket Whip Productions
On Some Far Shore,Cross Keys Productions
Opera Gala Concert,"Fife Opera with special guest Beth Taylor, Mezzo Soprano"
Orpheus: A New Musical,Yorkshire CREATE
Our Seventh String,Paperfolk Theatre
Penelope,Grace McLean
The Perfect Match,Matchstick Productions
The Pillow Dream,Jingkun Chinese Arts
Possessive! The Musical!,Wasatch Theater Company
Princess Diana: The Musical,Fringe Classics
The Real Housewives of the Zombie Apocalypse,Clydebuilt Theatre Company
The Real Kyle McCarren,Avalon
Rent,Edinburgh University Savoy Opera Group
Salt and Light,The LAMPS Collective
School of Rock,Encore Stars Academy (Scotland)
Shall We Dance? The Golden Years,SFA School of Theatre and Dance
"Shanghai Encore! No Script, No Net, No Regrets!",Shangai Encore!
Shantify,Evolution Productions and Jo Parsons
The Shocking Truth About Flat Earth,Wolverhampton Grand Theatre
Shrek the Musical JR,The Talentz
The Song Is Ended... But the Melody Lingers On,Ensemble
The Spongebob Musical: Youth Edition,Captivate Theatre
Spraywatch: A Beautiful Rescue,Low Fat Productions
Spring Awakening,KGS Theatre Company
The Spy Who Came in From the Park,Five Days More Production Team
Stageflight,Everybody Sing
A Star Power State of Mind,Star Power Performing Arts Limited
Sunshine on Leith,Captivate Theatre
Supernova,Liza Dealey-Thomason
Swing Gum,Martin’s Tap Dance Company
Tabletop Role-Playing Game: The Musical,The Natural Ones
The Tears of Nerakhis,Studio Platero
Techies,In The Fringe
Texas Annie: The Legend of the Moan Ranger,Plays for Progress
This Little Thing of Ours,MB Musicals
"Tick, Tick... Boom!",Midnight Sun Theatre
To Broadway and Back Again,The Bohemians Lyric Opera Company
Trains in the Night,Maiden Mother Moan
Trial by Jury,University of St Andrews Gilbert and Sullivan Society
Trunk Songs,Maria DiFabbio
Twelfth Night – Karaoke Era,Rare Studio Liverpool
Under the Influence,The Gilbert Twins and Speakerphone Productions
"Unheard Voices, Unbroken Spirits",TAME
Up Til Now,Dandelion Productions
VOTE: The Musical,VOTE: The Company
Warriors: A Scottish Musical,Firefight Productions in association with Forces at the Fringe (Scotland)
The Wedding Singer,Braw Venues
What's a Hen to Do,Sweet Nothings
Who We Are Now,Thaddeus Buttrey
Win Loss Draw,Chris Matthewman
Woody Sez,Underbelly and Woodrow Theatricals
A World Apart,Frog in a Pot Productions
You Never Know: A Song Cycle,Laura Sofia Productions
Zombie Prom,Weehawken High School Theater
Address to a Haggis,The Haggis Box /
ADEY,Bethlehem Wolday-Myers / RED SEA POETRY
Adorable Comedians Performing Funny Poetry and Telling Lovely Stories,Steve McLean / PBH's Free Fringe
Alice Hawkins – Working Class Suffragette,Great-Grandson Peter Barratt
Andy Macleod's Soho Days and Camden Nights,Andy MacLeod
The Art of Not Letting Go,Richard Thomson / Free Festival
Attila the Stockbroker,Attila the Stockbroker / PBH’s Free Fringe
An Audience with Marvin Herbert,Marvin Herbert
Ben Macpherson Does Poems at Adults,Ben Macpherson / PBH's Free Fringe
Brian Bilston: How to Lay an Egg with a Horse Inside,Brian Bilston
A Brief History of Northumbria (WIP),Raul Kohli
"Burke and Hare: Body Snatchers, Serial Killers, Ulstermen",Andrew Johnston
Connecting in a Connected World,Scott McPherson / Free Festival
Echoes of Self,Yzaura
A Cosmologist's Guide To Life and Love,Dr Julian Mayers
Craig Chalmers: That's That One,Craig Chalmers / PBH's Free Fringe
Darren McGarvey: Performative Male,Darren McGarvey /
"The Dolphins Are Still Singing. Can You Hear Them? The Epic of Lee, Me and the Tree",Jill Karlin
The Eazy Club,C presents
Elvis in Chaos,Michael Anderson
Folklore of the Scottish Highlands,James MacDonald Reid
The Fringe Story,Tutti Events
"Hiding Behind the Mask: Jesters, Jokers and Clowns","Rosemary George (New York, USA)"
Iain Dale: All Talk with Baroness Gillian Shephard and Lord Robin Butler,Seabright Live
Iain Dale: All Talk with Baroness Jacqui Smith,Seabright Live
Iain Dale: All Talk with Jess Phillips MP,Seabright Live
Iain Dale: All Talk with Joanna Cherry KC,Seabright Live
Iain Dale: All Talk with Kemi Badenoch MP,Seabright Live
Iain Dale: All Talk with Kieran Maguire and Kevin Day,Seabright Live
"Iain Dale: All Talk with Matt Forde, Rosie Holt and Susie McCabe",Seabright Live
Iain Dale: All Talk with Nazanin Zaghari-Ratcliffe and Richard Ratcliffe,Seabright Live
Iain Dale: All Talk with Nicola Sturgeon,Seabright Live
Iain Dale: All Talk with Sarah Vine and Andrew Pierce,Seabright Live
Iain Dale: All Talk with Zack Polanski,Seabright Live
I'm The One Your Mother Warned You About,Mike Rophone
In Conversation with... Amanda Dwyer,Carnation Productions
"Iain Dale: All Talk with Sir John Curtice, Brian Taylor and Michael Crick",Seabright Live
Iain Dale: All Talk with Stephen Flynn MP,Seabright Live
Iain Dale: All Talk with Wes Streeting MP,Seabright Live
In Conversation with... Andy Burnham,Carnation Productions
In Conversation with... Bobby Bluebell,Carnation Productions
In Conversation with... Chris Brookmyre and Marissa Haetzman,Carnation Productions
In Conversation with... Gordon Strachan,Carnation Productions
In Conversation with... Ian Rankin,Carnation Productions
In Conversation with... Jackie Kay,Carnation Productions
In Conversation with... Jeremy Corbyn,Carnation Productions
In Conversation with... John Davidson,Carnation Productions
In Conversation with... Josie Long,Carnation Productions
In Conversation with... Mark Thomas,Carnation Productions
In Conversation with... Stuart Cosgrove and Tam Cowan,Carnation Productions
In Conversation with... Vittorio Angelone,Carnation Productions
Jim Smith: Work in Progress,Jim Smith
Let People Like You,Edalia Day / PBH's Free Fringe
The Life of Eric Liddell,Sue Caton
Life of Pie,31DaysofPizza.com
Loft Clearance,Eileen Mahony
Loud Poets,I Am Loud CIC
"Louis de Bernières: Poetry, Stories and Songs",Louis de Bernières
Love Light and Labels,Cognitive Behavioural Theatre / PBH's Free Fringe
The Making of Chariots of Fire,Tom McNab
Mariella Frostrup: Cracking the Menopause,Gilded Balloon
A Meditation on Memory,AARDVARK THEATRE CO
Mistakes on Maps,Tom Paper
The Naked Truth,Lynne Jones as Unconditional Possible Girl
Poems for People Who Don't Like Poetry,Sam Steele
The Provocateurs: A Disease by Any Other Name / Forget the Alzheimer’s Test?,The Provocateurs
The Provocateurs: A Disease by Any Other Name / It All Went Wrong at Legs,The Provocateurs
The Provocateurs: Age-Old Story / Molecular Matchmaking,The Provocateurs
The Provocateurs: AI and Economics / Forensic Jewellery,The Provocateurs
The Provocateurs: AI and Economics / Midwife Crones Fight Back,The Provocateurs
The Provocateurs: Artificial Wombs / Panic! at the Cortex,The Provocateurs
The Provocateurs: Brain Health Roulette / Satellites Destroy Privacy,The Provocateurs
The Provocateurs: Bridget Jones Meets the Existentialists / Forensic Jewellery,The Provocateurs
The Provocateurs: Ethical Innovators? / Satellites Destroy Privacy,The Provocateurs
The Provocateurs: Forget the Alzheimer’s Test? / Artificial Wombs,The Provocateurs
"The Provocateurs: Good Predictions, Good Decisions? / Galactic Archaeology",The Provocateurs
"The Provocateurs: Good Predictions, Good Decisions? / Human-Robot Uncanny Collision",The Provocateurs
The Provocateurs: Hard Drugs / When Superbugs Kill,The Provocateurs
The Provocateurs: Haven from Fascism? / Ms Information,The Provocateurs
The Provocateurs: Haven from Fascism? / Spermageddon,The Provocateurs
The Provocateurs: Horror Therapy / Ethical Innovators?,The Provocateurs
The Provocateurs: I Like Big Peaks / Hookers for Jesus,The Provocateurs
The Provocateurs: I Like Big Peaks / Pax Physica,The Provocateurs
The Provocateurs: It All Went Wrong at Legs / Age-Old Story,The Provocateurs
The Provocateurs: Memory Management / Breathe. Sleep. Wee.,The Provocateurs
The Provocateurs: Memory Management / Bridget Jones Meets the Existentialists,The Provocateurs
The Provocateurs: Midwife Crones Fight Back / When Superbugs Kill,The Provocateurs
The Provocateurs: Mini Brains / Birthing Bravery,The Provocateurs
The Provocateurs: Mini Brains / Women Can’t Be Doctors?,The Provocateurs
The Provocateurs: Mixed Signals / Breathe. Sleep. Wee.,The Provocateurs
The Provocateurs: Mixed Signals / Horror Therapy,The Provocateurs
The Provocateurs: Ms Information / This Dermatologist Recommends Sunshine,The Provocateurs
"The Provocateurs: No Booze, No Boogie? / What’s the Point of Trees?",The Provocateurs
"The Provocateurs: Performing Possibility / 200 Monks, 1 Dead Frog",The Provocateurs
"The Provocateurs: Performing Possibility / No Booze, No Boogie?",The Provocateurs
The Provocateurs: Resistance Is Not Futile / 999 WTF,The Provocateurs
The Provocateurs: Resistance Is Not Futile / Human-Robot Uncanny Collision,The Provocateurs
"The Provocateurs: Should You Trust Anyone? / 200 Monks, 1 Dead Frog",The Provocateurs
The Provocateurs: Superhero Porn / Hookers for Jesus,The Provocateurs
The Provocateurs: The Weakness of Vulnerability / Brain Health Roulette,The Provocateurs
The Provocateurs: The Weakness of Vulnerability / Should You Trust Anyone?,The Provocateurs
The Provocateurs: This Dermatologist Recommends Sunshine / Spermageddon,The Provocateurs
The Provocateurs: This Library Needs a DJ / Hard Drugs,The Provocateurs
The Provocateurs: This Library Needs a DJ / Superhero Porn,The Provocateurs
The Provocateurs: What’s the Point of Trees? / Pax Physica,The Provocateurs
The Provocateurs: When Silence Listens / Galactic Archaeology,The Provocateurs
The Provocateurs: When Silence Listens / Your Robot Bestie,The Provocateurs
The Provocateurs: Women Can’t Be Doctors? / Birthing Bravery,The Provocateurs
The Provocateurs: Your Mind's World / Molecular Matchmaking,The Provocateurs
The Provocateurs: Your Mind's World / Panic! at the Cortex,The Provocateurs
The Provocateurs: Your Robot Bestie / 999 WTF,The Provocateurs
Queer Folks' Tales,Turan Ali / Scottish Storytelling Centre
Sacred Arts Festival Poetry at Canongate Kirk: Young Religious Poets Competition Final,"Robert Crawford, Christine De Luca"
Sacred Arts Festival Poetry at Canonmills Church: The Shamrock and the Cross – Spectators Under Heaven,"Michael Daviot, Claire McDonald"
Sasha Graham's Ghost Stories and Tarot,Sasha Graham Tarot Diva
ScotlandsFest: A Scottish Football Odyssey,Archie Macpherson / Luath Press
ScotlandsFest: A Wee Bit Zen – When Less Is More,Alan Spence / Luath Press
"ScotlandsFest: Ancient Voices, Living Landscape – Scotland’s Geomythography",Stuart McHardy / Luath Press
ScotlandsFest: Art Without Borders – Demarco’s Europe,Richard Demarco and Roddy Martine / Luath Press
ScotlandsFest: Between the Stones: Scotland Through Outlander,"Willy Maley, Gillebrìde MacMillan and Lisa Kelly / Luath Press"
ScotlandsFest: Brave New Music – The Martyn Bennett Story,Gary West and BJ Stewart / Luath Press
ScotlandsFest: Choose Life Choose Leith – Trainspotting on Location,Tim Bell / Luath Press
ScotlandsFest: Donald Dewar – An Incomplete Legacy?,Mark Peel / Luath Press
ScotlandsFest: Farmyard Follies,Helen Percy / Luath Press
ScotlandsFest: Fortunes from Flesh – Scotland and Slavery,Kate Phillips / Luath Press
ScotlandsFest: Heel for Heel – Scottish Dance Fever,Cindy Gray / Luath Press
ScotlandsFest: In Search of Scottish Architecture,Roger Emmerson / Luath Press
ScotlandsFest: Iona with Love,Barbara Sellars / Luath Press
ScotlandsFest: No Scotland No Party!,Julie McNeill / Luath Press
"ScotlandsFest: Northern Spirits, Restless Hearts",Janis Mackay / Luath Press
ScotlandsFest: Scotland’s Darkest Past,Mary Craig / Luath Press
ScotlandsFest: Talking Two Millennia (of Scotland’s History),Anna Groundwater / Luath Press
ScotlandsFest: Tea and Tales,Gerda Stevenson / Luath Press
"ScotlandsFest: Trust Issues, Fake News, Real Poems",Alan Riach / Luath Press
ScotlandsFest: Unfinished Business – Scotland’s Political Crossroads,Henry McLeish and James Mitchell / Luath Press
Scott Manley Hadley Exposes Themselves and the Shape of the Earth (It's Flat),Scott Manley Hadley aka Solid Bald / PBH's Free Fringe
Scottish Comedy Legends: Arabella Weir,The Stand Comedy Club
Scottish Comedy Legends: Greg Hemphill,The Stand Comedy Club
Scottish Comedy Legends: Jack Docherty,The Stand Comedy Club
Scottish Comedy Legends: Jane McCarry,The Stand Comedy Club
Scottish Comedy Legends: Jonathan Watson,The Stand Comedy Club
Scottish Comedy Legends: Raymond Mearns,The Stand Comedy Club
Scottish Comedy Legends: Sanjeev Kohli,The Stand Comedy Club
Sharath Jeevan OBE – Meek Inheritance: Are Me and My Kids Doomed?,Intrinsic Labs
Smut Slam,Cameryn Moore / PBH’s Free Fringe
Steve Richards Presents Rock and Roll Politics,Steve Richards
Tales of Haunted Edinburgh,Ewan Irvine
Traditional Tales,Scottish Storytelling Centre
Ulster's Doctor Death: The Killer Case of John Bodkin Adams,Andrew Johnston
The Umbrella Man: What We Talk About When We Talk About the JFK Assassination,Martin Fitzgerald
Unexplained Live,Richard MacLean Smith
Wild and Whirling Words,Phil Osborn / PBH's Free Fringe
Witch? Women on Trial,Natalie Lyon
The World at 15mph... ish,Naomi Johnson / PBH's Free Fringe
You Can Write a Book!,Mark Stringer
00:45:00,Wilison Labs
"1 King, 2 Princes and Shakespeare's Lie",Slade Wolfe Enterprises Limited
1. Empty Sky,Square Pegs – Macready Theatre Young Actors’Company
2%: A Play About Privilege (And Also Milk),Kevin Qian
2 Queers in Tears?,2 Queers Home Page Ltd
3.2.1. Hold Me on Stage,Selin Bakan / Stüdyo Kolektif
3 Times I Killed,Andrea Coleman
5 Lesbians Eating A Quiche,Cheese Platter Productions
111⁄2 Angry Men,Guy Masterson – Theatre Tours International Ltd
15 Minutes of Shame,majestic disorder
The 40-Year-Old Ballerino,Chris Davis
44 Minutes,Fringe Management LLC
58 To Go,Liminal Visions
113,Pretty Gross Productions
116 Grams: A Play to Lose Weight,Letícia Rodrigues
1518: The Dancing Plague,Open Variations Theater
1617: Our Tale of Two Planets,ActLoud Theater (Shanghai) with Chickenshed Theatre | CCW China Season
1917: The Woodbine Poet and Padre,Searchlight Theatre Company
1918: The Final Salomé,Carfax Productions
2050: A Manifesto,LEU Creations
A E,Wide Eye Productions
A: What Is Yours?,Rise Above Performances
About a Bogle,Scotch Bonnet Productions
Acid's Reign,Relish Theatre
Acts of Contrition,Jon Gerrard McFaulds
Adam Riches: The Captain,Park Theatre Productions and Tigco present
ADDING UP AMERICA: Solving the Race Equation,Monique DeBose
Aderyn / Bird,Harebell Tellers
Admitted,Archie Barton (Scotland)
Adult Panto (Unscripted): The Improvised Adult Panto,Matty Hurst Productions Ltd / PBH's Free Fringe
After 4am,After 4am Productions
After Careful Consideration,JumpShip Theatre
After Party,Traverse Theatre in co-production with Paines Plough and Belgrade Theatre
After Shakespeare,Slade Wolfe Enterprises Limited
After the Fact,Blue Bird Productions
Against the Grain,Downstage Left
Agent November's Indoor Escape Game: Murder Mr E,Agent November Escape Rooms
AI Campfire [Return],Venue 13 Productions
Alan Bennett's Talking Heads,The Next Act
Alan Bissett: The Red Hourglass,Alan Bissett
Alan Bissett: When Billy Met Alasdair,Alan Bissett
Aliens,Curious Industries and Dumbworld
Almost Everything,Lauren Barrie / Ben McGuinness
ALONE,Alchemy Theatre and alonetheplay
Already Here,Ines Wurth Presents
An American Love Letter to Edinburgh,Rick Conte
An American (Not) in Paris,Liv Rocklin
Amnesia,"Kimberly Hart-Simpson,Queenie Miller"
"Always, Sometimes, Maybe",Michele Stine
Am I Losing My Mind Or Just My Figure?,Untethered and Hinterland
Amadan and Mortair Kill the King,Tartan Tabletop
And The Little One Said,Minotaur Theatre Company
Angelshark,Blue Dot Theatre and New Celts Productions
Animal Farm,PDS Theater
Annie Wobbler (Revisited),Pleasance and Finborough Theatre
Apples in Winter,LynchPin Theatre
Aquarius Rising,Ben Fallaci
ARCADE,DARKFIELD
Arcana,Fay Guiffo
Argonauts,Technis
ArounD the WorlD in 80 ToyS,Thaddeus Phillips
As Far As We Know,YESYESNONO
Ass Ass In,Fortune Bistro | CCW China Season
ASURA: An Enlightenment Experiment,Wayne Stewart
Atomic Tales,Elena Arvigo / Rhymes with Purple
atticwife,RnL Productions
An Audience with Virginia Woolf: Writing One's Mind,Lucy Stevens
Aufguss x Nils Frahm,Sauna Sessions Arts Club
Aufguss x The Waves,Sauna Sessions Arts Club
The Augur,The Unnatural Disaster Theatre Co.
Awaiting Evaluation,Berenson and Grech Productions
Baby Brain,tim&danny
Baby Everything,Lee Minora
Babyface,Nick Tipa
Bachelors of Fine Arts,Method in Madness Co.
Bad Boy,Nerve Creations
Bad Shakespeare,TheatreOCU
Badgers,Theatre Royal Plymouth in association with Bristol Old Vic
BASIC BALD B*TCH,Emily Glaze
Bathroom,Limpid Theatre (UK/China)
The Bathroom Floor,Katelyn Benton
The BBC's First Homosexual,Inkbrew Productions
Bean vs The Robots: A Solo Show Musical,Midge Lema / Lemabean Productions
The Bear,Edinburgh Graduate Theatre Group
BearGirl,Hey Thanks! Theatre Collective
Before the Sun Comes Up,FirstByte Theatre
Behind Closed Doors,STUDIO MUIZ THEATRE
Bella,Jin Hi Soucy Rand
Belly,Written and performed by Reilly O'Shaughnessy
Benjamin Quirk: Twink Death,Benjamin Quirk
Best. Dad. NEVER.,Hike Chahinian /
Beth and Ben: Your Place in the Workplace,Benth & Bethen
The Betrothed,Molloy University
Betsi,Her Story Theatre Company
Betsy and Patty Find Out,Fooled Again
A Better Memory,Lubna Kerr with Kerr Arts Collective
Beyond Time – Othello Part II,Han Theatre Company (Korea)
Bi-Curious George: Snail Trail,Bi-Curious George
The Big Bite-Size Breakfast Show,The Pleasance
Big Dog,Currie Productions
Big Hair: A Rad and Wild Love Affair,Maegan Mandarino
Big Stuff,Baram and Snieckus
Bigfoot Ripped My Dog In Half I Saw It,"Xhloe and Natasha, Soho Theatre and SoHo Playhouse"
Billie and The Big Turn On,"The Purple Opossum, LLC"
Birdbath,Connor Foligno and Selena Dols / PBH's Free Fringe
B*tch Eat Dog,Melissa Carter
Bite,Anovian Productions
Blackbox,Andy Jordan Productions and Hindsight Productions
Blackjack! (and other ways to get lucky) in Your Parents' Basement,Tom Stilwell
Bloated In Vegas,Cease and Desist Theatricals
Bloody Mary(s),Blue Fire Theatre Company
Bloody Mary's,Fat Pooch Productions
The Bob Ross Effect,Sarah-Louise Young /
The Body I Left in Susquehanna National Forest,Ur Mean Kathleen
Body of Evidence,Trauma Recovery
Body Parts,University of Bristol DramSoc
Bog Witch,Avalon & Tellus Studio present
Boiler Room Six: A Titanic Story,Tom Foreman Productions
Book Club,New Stagers
The Boline Inn,Meadow Report
Bombs Over Byker,Lucas English
boobytrapped,No Tits Theatre in Association with theSpaceUK
Boogie on the Bones,withintheatre
Book of Shadows,Book of Shadowz
Bottoming for Jesus,Michael R Speciàle
Boy in a Box,THEATRE•TASTE
Brassed Off,Leitheatre
Breathe: Five Arias That Saved My Life,Katy Lees
Brew Hill,Pecadillo Productions
Brick,Left for Dead Theatre
Bride To Be,Meg Millane
Broadguess,Dee Ryan
Broke and Fabulous in the 21st Century,Beacon and Tide Productions
Bubble Schmeisis (Remixed),Nick Cassenbaum
Bucksomly Betrothals,Theatre Paradok
Buggers,Patrick Bone Productions in association with Pleasance
Build a Fort,Not Cricket Productions
Bull / Fight,Mythography Collective with Macrobert Arts Centre
Bumpo,"Ben Loftus, Cam Pileggi"
Bunny!,Craig Manson
BURN,Burnt Flamingo Productions
Burning Down the Horse,Fishing4Chips
The Burnings,Edinburgh Little Theatre
Cabin,Daffodils
CADEL: Lungs on Legs,Connor Delves directed by Mark Barford presented by Seabright Live
CAKE: A Crime of Love,On The Brink
Caligula,"Nike Redding,Isabella Egizi and Tom Corradini"
Call Her The Ringmaster,Lucy Aiken
Call Me Elizabeth: from Lassie to Cleopatra,Guy Masterson – TTI presents Kayla Boye
Call Me Elizabeth: from Burton to Humanitarian,Guy Masterson – TTI presents Kayla Boye
Call Me When You Get This,Viskat Productions
CAMPITALISM: Three Gays Try to Fix The Economy,"BOY Theatre, Leicester Curve and Pleasance"
Carmilla,Mermaids at the Fringe
Carys Should be the UK’s Next Eurovision Entry,Carys Jeffrey Evans
Casual Receptionist of the Quarter,Nicole Gulasekharam
A Cat in a Box,Tom Nemec
Catching a Cheese Pervert: A Priscilla Patton Mystery,Cheese Shop Productions
Cathy,Traverse Theatre Company
Ce de Lu',Nicht Offnen (Italy)
Cellotape,Queen Mary's Theatre Company
Cereal Entrepreneur,The Music Firm (UK/USA)
The Chairs Revisited,Vagabond Productions
Chamberlain: Peace in Our Time,Searchlight Theatre Company
chameleon; mirage,Lucy Idil Jordan
Charles Dickens: The Hanged Man's Bride,Blue Orange Arts
Charles Dickens: The Signalman,Blue Orange Arts
Chestnuts,Chestnuts Theatre Company
Chip and Gus: A Comedy with Balls,Fat Knight Theatre (New York City)
Chopin's Last Tour,Anvil Creek Theatre (Australia)
Churchill's Urinal,"Seabright Live presents Rosie Holt, additional material by Stewart Lee"
Cinderella and Frankenstein's Monster Are Dead,The Beachcombers
CIRCLE,JMTC Theatre
Circle of Fifths,Gavin Porter
Citizen Otherplace,Stacy Price
Claudwick.,Alexander Boll
Clive,Cahoots Theatre Company Ltd
Cluedo,Edinburgh Theatre Arts
Collateral Damage,Without Compromise Theatre
The Colour of Water,Magia Productions
COMA,DARKFIELD
Come As You Are,Theatre Paradok
Come Back Home,Fadi Murad –
Common Tongue,JGProducing
Confessions Of A Mulatto Love Child,Bellina Logan
Constellations,Theatre33
The Continuing Misadventures of the Hathaways: Captain McNamara's Revenge,Earlham College Theatre Arts Department
Copycat,Worklight Theatre
The Corpse Road,Daniel Serridge
A Costume Drama,Play the Field Productions
Countdown,Theatre Paradok
The Court 1,Edinburgh Little Theatre
The Court 3,Edinburgh Little Theatre
Couture,String Telephone Theatre Company (Australia)
Cowards!,KQ-HQ (USA/UK)
CQD to SOS: A Titanic Story,Edinburgh Rep / Erstwhile Media
Crash Course,Mermaids at the Fringe
The Crimes of Pete,Hughie Shepherd-Cross
Crocodile Rock,"Sleeping Warrior with A Play, A Pie and A Pint"
Crooked Shadows,"Sister Self, LLC"
Cruising,Dreambite Collective
CRUSH,Hadsan Mohamud
Crying At My Podiatrist,Julia Atkin
CS Lewis' The Screwtape Letters,Searchlight Theatre Company
Cubicle Dialogue,University of York Drama Society
Cuffed,Hounded Theatre
The Curious Case of Osgood MacKenzie,Coraghy Lane Productions
The Cut of Her Jib,Rubber Ear Productions
CVNTCLAVE,Arden Fitzroy
Cyn,Lonely Shepherd Productions
Daddy,House of Oz and Joel Bray Dance
DADDY ISSUES,Spencer Waldner
Daisy Pulls It Off,Viva Arts and Community Group
Danger Plan!,Sophia Wolbrom and Know Smoke Productions
A Dark Line Upstairs,Matilde Vigna
The Dark Pool,Cara Silversmith
The Darren Podcast Show Live!,The Darren Podcast Show
Daughter of Sweden – That One Princess Who Got Drunk with Lizzie I and Thrown Out of England,"Teater Kaleido, By/With: Cecilia Säverman, Director: Judith Hollander"
David William Bryan – In Loyal Company,David William Bryan
Day of the Locust,Fake Escape
Dead Wrong,Jaimee Doyle
The Death of Hundun,Wandi Liu
Deckhand,Spinelly Productions and Los Angeles Theatre Initiative
DeepFake,404 Theater
Dear Cathy,Question Mark Theatre
Dear Lihua,Treetrick
Dear Michelle Kwan,Triple Lutz Productions
Delivering Debussy,Anvil Creek Theatre (Australia)
Delphi: The Musical,Theatre Movement Bazaar
Deluge,Gabi Flares and Andrea Maciel
Delusions and Grandeur,Karen Hall More Play Productions
Democrazy,Action Theatre (Italy)
Departure Is My Homecoming,Feast on Waste Land
A Desperate Remedy,Magdalen College School Drama
DESPERATE WEE GAY BOY,Fraser Kelsey with Iona Bremner Productions and Slainte! Theatre
Detective Blank: A One-Man Noir,Cuneiform Theatre
Detective Heartbreak,Student Theatre at Glasgow
D H Lawrence: The Prussian Officer,Blue Orange Arts
Diana: The Untold and Untrue Story,Awkward Prods
Diary of a Mad Man,Mark McAuley
Did You Charge Your Phone for the End of the World?,Infinite Monkey Theater Co.
Dinner With the Wolves,Bread and Butter Productions
Dinosaurs,The Nightmare Lizards
Dirty Dancer,Resolve Productions
Disciples of Anatomy,Out of Fashion Theatre Company
The Distance,"Global Creative, Grace Dickson Productions and Nic Doodson Productions"
Do Better: A Dramagedy,Izzy Salant
Do Not Attempt This Conversation,Mo Maka and Amaju Jade Samuel
Does the Oracle Speak Truth?,July2septembertheatre
Dogberry and Verges Are Scared,Cincinnati Shakespeare Company and Slippery Trout Productions (USA)
Don Quixote (Is a Very Big Book),Opposable Thumb Theatre and Nordland Visual Theatre
Don Toberman: Ping-Pong Champ,Moonlight Theater Company
Don't Flush Me Yet,George Williams and Alan Robinson-Rising
Don't Kill Daisy,Soleil Kohl
Don't know? Have a go!,Fast Snail Productions
Don’t Rain on My Parade!,Miss Lossie Mouth
Don't You Forget About Me,Fake Escape
DOOMSCROLL TILL I DIE,Denmark Street Productions in association with Pleasance
Double Bill,The Edinburgh Makars
Doughboys,Drunk Jester Players
Down in Colorado,Fraternal Compagnia
Down To Chance,Maybe You Like It
Dr Faustus,Out of Office Theatre
Dracula,Viking Players
Dracula: Lucy's Dream,Plexus Polaire
Dream Walking,Jordon Waters featuring Harry Waters Jr and Kevin Belisario
Dream Watchers,Harry Waters Jr featuring Jordon Waters and Kevin Belisario
Dreamgirl,Karen Houge
The Dreaming,Althea Young. Produced by Hacks – Autopsy Award Winner 2026
Dreaming of Max,Jackie Kleefield Cohn
Dribble,Cênica
Drone,Miss Air / Ventiquest
Dungeons and Shakespeare,The Best Medicine Productions
DUST,Charlaina Thompson and Yellow Brick Theatre Company
Dust: The Sixth Sense,3Bugs Fringe Theatre Society
"Dylan Thomas: Return Journey – Bob Kingdom, Original Direction by Anthony Hopkins",Richard Jordan Productions in association with Pleasance
...Earnest?,"Say It Again, Sorry?"
An Echo in the Void,No Boundaries Theatrical Productions
Edward Albee's The Zoo Story,The Classic Theatre Project
Elsa McTaggart: Capturing the Light,sruth-mara in association with An Lanntair
Emma and Warren in the Garden of Eden,The MONA
Eight,Drama Works (Parker & Snell)
The Eight Faces of Ellie Morrison,Dashboard Light
Eight Hours,Queen Mary's Theatre Company
ELBA,Ishan Mahabir-Stokes
Emotionally Undercooked,Lisa Sa
The End of the World,Destiny Faith Nelson / Rhymes with Purple
Endgame by Samuel Beckett,Flabbergast Theatre
Epic Economics: What would you protest about today?,Dimis Michaelides
ERAS,Kristina Fightmaster
An Evening with Gerald Lloyd-Davies,Laurie Stevens
Eric Liddell: The Chariot of Fire,Searchlight Theatre Company
Erika. Reflections on a New Era,Enebro Teatro
Escape from Fairytale Land,Fib and Fable
SPÉCIE,Casa 107
Eve and Adam,Little Darlings
The Event,Mike McShane
Everyone Sucks Here,The Clemson Players
EVITA TOO,Sh!t Theatre
exit strategy's How to Win a Gameshow,exit strategy
Extra Dry,A/Park Productions
The Extraordinary Life of a Rat Racer,Stage Leftovers
The Fabulist,Freed-Hardeman University
A FACE,Rabbit Head Productions
Fake,Snap the Arrow
Famous Last Words,Montseratt Productions
The Farndale Avenue Housing Estate Townswomen's Guild Dramatic Society's Production of Macbeth,Edinburgh People's Theatre
"Father, Away She Goes",Pierpoint Productions
Fatherload,David Labi / MARTHA!TENTATIEF
The Faustus Project,Half Trick Theatre in association with Benjamin Alborough
Fear and Misery of the Third Reich,Gentlemen Fish Productions
Fight or Flight,Noe Productions
Film Noir Frog,On The Fly Theatre
Fires on the Plain,Setagaya-Silk (Japan)
The First Annual Inaugural Grief Awards,Andreas Tsironis
FLIGHT,DARKFIELD
flights for future generations,Lindsey Barlag Thornton
"Fly, You Fools!",Recent Cutbacks
The Flyting,Kirsty Law
Follow Me,The Dog Ate My Theatre Company and New Celts Productions
Fool’s Gold,Agents of Chaos Theatre Company
Fool's Gold,University of York Drama Society
A Foot is Not an Appropriate Prize for the Tombola,"Daniel McVey supported by Curve, Leicester"
For Dolores,"Fishamble in association with Belltable, GIAF and Traverse presents"
For She's A Jolly Good Fellow!,Riverside Theatre Company
The Forever Wave,Estrella Suerte Productions (USA)
Forge,Tom Oakes / Brite Theater
Forget About Me,Despite the Monkey and Worklight Theatre
Forgotten,Notional Theatre
A Forgotten Woman: Mrs Oscar Wilde,Slade Wolfe Enterprises Limited
FORIEGNER,Koan Brothers
"The Fox, the Slipper and the (Severed) Head",Grist to the Mill Productions / Red Dragonfly Productions
Fractured,Shona Graham / BJA Productions
Fragments,Martin Bearne
Fragments of Self,White Rabbit Theatre Company
Fruit Flies,Fast Snail Productions
Furniture Boys,Emily Weitzman / Rhymes with Purple
Gagula: The Panto with Teeth!,Pig's Ear Productions
Gameplay,Carmen Collective in association with Pleasance and Camden People's Theatre
GANNET,Peggy Pollard and Daisy Day
The Gas Station at the Edge of the Universe,Wyrmwood Theatre
Gathering Stones,Heather Stringer
Gaudí: God's Architect,AGAP Theatre
A Gay Masseur's Guide to Happy Endings,Austin Jennings Boykin
"George, Don't Do That... The Joy of Joyce Grenfell",Coraghy Lane Productions
Georgina Thomas: Hysterical Soprano,Georgina Thomas
Get a Grip,Ripple Theatre
Get Set for the Day Sauna Session,Sauna Sessions Arts Club
A Ghost Among the Living,Box Tale Soup
The Ghost of White Hart Lane,Bruised Sky Productions
Ghosts of West Hollywood,Don Minzone Productions
Giraffe,Abigail Weinstock / The Project People
Girlfriends,Sara Malinowski
The Girls Who Made Us,Inherits Her Flame Theatre Company
Giro Baby,Sophie Sandor
Gloves,GlovesUK
God Complex,Bristol Spotlights
Golden Beryl: Special Oblivion,Golden Beryl
"The Good, The Bad and The Almighty",Early Doors Productions
Good Girl,Bespoke Plays
Good With Faces,"Oisín Kearney, produced by Gina Donnelly, supported by Culture Ireland"
Goodbye Dandelion,"Maddie and Marcus Rice, Charlotte Pleasants and Underbelly"
Goodbye Horses: An Unauthorised Solo Retelling of The Silence of the Lambs,Michael Kinnan
Graduatric,A Lucy Linford Production
Grandma's Shop,Julie Flower
The Grants of Glen Grant,The Pluscarden Players
The Great Gatsby,Key Players with C theatre
The Great Shakespeare Showdown,Flying Solo! Presents
The Great Train Robbery,KCS Theatre Co
Gridlock,KD Film Productions
Grief Encounters,Imogen Defriez
Guns in Dragonland,Los Angeles Theatre Initiative
Habits,Gooseneck Theatre Company
Hadid,Michelle Cohn
haim. teeth. CLUB.,Iona Bremner Productions and Sláinte! Theatre
Halfway Home,Deliverance Theatre
HAM,"Hotter Project, Speakerphone Productions and Soho Theatre"
Hamlet,Prague Shakespeare Company
Hamlet (an experience),Brite Theater
Hamlet: Prince of Sweden,"Nike Redding, Tom Corradini (Tom Corradini Teatro)"
Handle with Care,Ontroerend Goed
Happily Ever Never,LS6 Theatre
Happy,Dylan Murphy
Hater,Brava Guava
Having a Baby – The Sh!t They Don’t Tell You in Books,Lou Cox
A Head Full of Bees,LeoLibra Productions and Lela Bergeron
Headcase,Cold Open Theatre
Heart Beats Strong,Kickdrum
Hecuba: Why Am I In Your Country?,Trojan Women Project presents Arwa Omaren
Helen Bradley: Painter and Storyteller,Kara Wilson
High Heels from the Big Boot,Compagnia Artistica Gaudeamus
Hendrik Quast: Spill Your Guts,Hendrik Quast
Henry V,Blue Orange Arts
Henry VIII and His Groom,OMF Theatre
He's Six Years Older Than Me,Taeyun Kim
HESS,HESS 2026
A Highly Suspect Murder Mystery: ABBAsolute Murder,Highly Suspect
A Highly Suspect Murder Mystery: Knives In,Highly Suspect
Hippolytus,BHS Drama
The Hobbit,Theatre on the Blue
Hold On To Your Butts,Recent Cutbacks
The Hollowed Man 5.0,Grad LEUNG Wai Kit
Holmes and Watson: Rathbone and Bruce (and a Hound),Searchlight Theatre Company
Homecumming,Magalie Rouillard-Bazinet
Homunculus,ECC
Hope This Helps!,Shark Bait Theatre
Horrorshow,Chronic Insanity
Horse Girls,Mercy Academy
The Horse of Jenin,Alaa Shehada in association with Palestine Comedy Club and Pleasance
The Horse That Jumped at the Moon,Bonnet and Belt Theatre Company
How Do I Hold It?,Tabatha Myers
How My Hormonal Imbalances Killed My Friends,Parmiter's Republic of Drama
How Not to Make it in America,House of Oz and Theatre Republic
How To Feel Feelings Houdini Speaks to the Living,The Hidden Room Theatre
How to Poop in an Outhouse at -58°C House Fly,Tess O'Shea
House of Life,Sheep Soup
How to Write a Novel (or Not),Greyhound Indigo Productions
HumAnimalia,Smiley Reily Productions
The Hunger,Black Bright Theatre Company
The Hunger Artist,Jonathan Sidgwick
The Hypochondriac,Rebrand Theatre and New Celts Productions
#Hysterical,Panad Productions®
I Almost Died for This?! (A love story. Sort of.),Kristina Libby
I Am Going to Reveal Something Personal About Myself,Sarah Dealy
I AM JOHNNY,Tessa Parr
I Bought a Flip Phone,Peej Productions and Panos Kandunias
"I, Claudius: Part 1",Strawmoddie Theatre Company
"I, Claudius: Part 2",Strawmoddie Theatre Company
I Dreamt You Differently,Milk and Mallet
I Killed My Father,Irving Diptera
If I See Him,Nottingham New Theatre
"I Love Thee, I Love Thee Not",Red Firefly Theatre
I Think I Hate Actors,Roo Sutcliffe
I Was Never Here,Leo Lion
"If Aliens Attack, I'd Die First",Imperial College Dramatic Society
"If I Had a Gun, I'd Take Them All Down","Paul Bargetto, Michael Rubenfeld"
If We Really Were Witches,Scene 24 Productions
If You Let Me Speak,Nehmila
Iliad: The Song of Thetis,Raccontamiunastoria Storytelling Company
I'm Mom,Studio Nately
Imogen Up the Mountain,The Periwig Players
In A Bad Way,Isolde Fenton
In Her Hand,Surgeon's Hall Museum
In Other Words,Maya Shoham
In Perfect Harmony,Dreamfever Productions
In the Black,Quaz Degraft
In the Cold Light,George Grant
An Infinite Monkey Attempts To Write the Complete Works of Shakespeare: A Variety Show,Edinburgh University Shakespeare Company
The Insanity of Mary Girard,OLSH Theatre
Inserio Fan: The Red Lantern,Tagtrick
Inside Voices,Original Cast of Inside Voices
International Aufguss Masters,Sauna Sessions Arts Club
Into The Light: True Story of Survival and Faith,Millar College of the Bible Drama Team
INTRUSIVE,INTRUSIVE Show
Invasion (JoMarZeb),Philippine Theatre UK
The Inverted Realm,The Inverted Realm Project
Iphigenia Variations,Classical Variations
Irene Cleans Up,Rebecca Taylor Al-Samaraie in Association with Abu Dhabi Dramatic Society
Irrational,Raccontamiunastoria Storytelling Company
Is It Too Late Now To Say Sorry?,Adam Lenson
Is This Your First Crime?,Long Face
An Island of Bad Ideas: The Tempest,Edinburgh Youth Theatre
Isle of No'Man,Martin J Dixon
The IT,Fuzed Theatre Company
"It Couldn't Get Worse; or, The Margarita Boat Tour Incident","Mariah Lee Squires, SW Jones and Riley Gene"
It Happened on a Tuesday,CTRL-ALT Productions
The Italians in England,Action Theatre (Italy)
Italo Calvino's Invisible Cities: A Toy Theater Atlas,"Toy Atlas Theater (Chicago, USA)"
It's a Mystery!,Tim Benzie
It's A Struggle Coming Out,Los Angeles Theatre Initiative
It’s Always Sunny on Olympus,Mind Yer Head Theatre and New Celts Productions
"It’s the Economy, Stupid!",Worklight Theatre
Jack Off The Beanstalk,Matty Hurst Productions Ltd
Jacuzzi by Twilight,The Optimiserables
James Rowland: Team Viking,Salam & Holohan
Jane Austen's Love Freindship [sic],Edinburgh Rep / Erstwhile Media / PBH’s Free Fringe
Jane Eyre Convention,Theatre Caddis
January 6th the Musical,Kiely Sugayan and Jessie Ballard
Jealousy Play,Lockdown Projections
Jekyll and Hyde,Muchmuchmore Theatre
Jellyfish,Blah Blah Productions
@Jenna,"Winnie Stack (New York, USA)"
Jerk Off!,Nadia P Manzoor
Jessies,A Bunch of Jessies Ltd
Jitters,Country Mile Productions
"John Wayne Gacy: The Killer Clown, Born Evil?",No Frills Theatre Company
Join the Club! A Story About the Sex You Never Wanted,Kate Daley
The Joker and The Thief,Dylan and Will Theatre
The Jolly Fisherman,Kick It Anywhere
JOSIAH,Thousand Miles of Bricks Productions
Kafka for Beginners,Edinburgh Little Theatre
JUDAS EXCLUSIVE,Will McDowell and MOOJ Productions
JULIUS CAESAR VARIETY SHOW,Joy Nesbitt supported by Culture Ireland
Just Fall Over!,Six People Away
Just William,Talking Shadows
Justice,Tiffany Esteb / PBH’s Free Fringe
Kanpur: 1857,Niall Moorjani in association with Jasmine Cole Productions
Keeping Secrets,Balancing Act Theatre
KEVIN!!!!!,Recent Cutbacks
Kill Your Darlings,Horace Mann Theatre Company in partnership with Piper Theatre Productions
KINDER,Ryan Stewart
The King of All Birds,Martha Knight supported by Culture Ireland
The Kingmaker (WIP),'Mouse' / The Project People
Kirsty Mann: Corpse,Kirsty Mann
Kismet (Ghesmat),Impatient Productions
Kitty Daddy,JMTC Theatre
The Knocking,Black Cat Theatre Company
Krapp's Last Tape,by Samuel Beckett
Krystyna Hutchinson: Congrats On Not Killing Yourself!,Krystyna Hutchinson
La Musicca von Scene / Sonata,Thor Theatre Guliz Portakaloglu
The Lady Doth Protest,A co-production by Feminine Productions and Joy Powered Productions
The Land Beneath Our Feet,LeftCoast and Nathan Parker
LANDSFRAU,Doris Crea Collective (Performed by Mariann Yar)
Larkhill,Talking Shadows
The Last Audition,Paul Shearman
The Last Ballad,Performed by Tuli & Co
The Last Bantam,Michael Hughes
The Last Days of Liz Truss?,Oxia Theatre Company / Emma Wilkinson Wright
The Last Days of Trump (A Liberal Fantasy),Eoin Carney presents (USA/UK)
The Last Drop,Manás Theatre Lab
The Last Girl There,Queen Mary's Theatre Company
Last Laugh,Third Sister Entertainment
The Last Mad Man,Steven Phillips-Horst
Last Orders,Edinburgh University Theatre Company
The Last Song,Eduardo Enrikez
The Last Stop,Wolves Productions
The Last Word,James Cullinane and Declan Grogan
Lavender,Sixth Side Theatre
Lawrence of Arabia and ME,Eamonn Gearon
Lear's Fool The Late Utopians,COGGIA
Letters to Joan – A Lovely New Play Laughing Matters,Catalytic Productions
Laughing Out Lonely,OPE-N / Part of #DANISH
Launa,Tidal Theatre
The Librarians: A Very Serious Comedy!,Cabbage Productions in association with Pleasance
Lifelong,Pepperdine Scotland in association with Scissor Kick
Lighthouse,Early Doors Productions
Like a Good Neighbor,Jake Alexander
Likewise,ShowTown Theatricals
Lil' Miss Kate – Ward of the State,Niche Vault Productions
Lineage,Valley Road Theatre Company
Linus Karp Was Hit With An Umbrella,"Awkward Prods, Eric Kuhn Productions and Side Hustle Productions"
Lions,Lightning Rod Special
Lipstick,Angelina Nichols
Little Animals,Paul Ready and Fern Culture
A Little Green Leaf,Leaf Collective
The Little Prince,Theatre33
Live From The Afterlife,Charlie Kilgore
Living the Dream,Steel Antler Theatre
Liz Wesleydale: (Shadow) Home Secretary,Beware of the Theatre
Long Story Short,New Stagers
Long Way Home,Layla Warren
The Longer My Mother Is Dead the More I Like Her,Fringe Management LLC
"Los Años Maravillosos: Archive, Image and Collapse",Bearesteatro
Louise: The Last Dance,Saint Stella Productions
Love (5 Ways),Cadillac Productions
Love Did a Number on Me,Eve Mumford / PBH's Free Fringe
Love Hungry Farmer,City Theatre Dublin
Love in the Cracks,Central Academy of Drama (Beijing)
The Love Talker,Pellissippi State Theatre
THE LOVE YOU TAKE,Cory Dagg
Lover on the Radio,Catalytic Productions
Love's Labour's Found,Newcastle University Theatre Society
Love's Labour’s Lost,Prague Shakespeare Company
Lucy Best: Unbelievable,Best Productions
Ludwig: Unfinished Business,Guy Masterson – TTI presents Mike Hatchard
LuluLand,Lucy Ann Morrison
Lunch Break Luxuriate Lit Salon,Sauna Sessions Arts Club
Luscinia,Ars Longa
Lysistrata,Basement Theatrics
M (Woman of Fashion),Eoin Carney presents (USA/UK)
Macbeth: Blood and Bluegrass,The Barden Party
Macbeth’s Midsummer Night’s Dream,Studio 919 DC
Madame La Mort,Full Moon Theatre / Labyrinth Productions
Madam(e) Lou,Kate Danley
Magic Lantern Anthology,The Drolly Theater
MAJENIN – A Palestinian Love Story,"Kufiya Comedy, Pleasance, Aisha Josiah, and Passion Pit Theatre"
Make Me Good Again,New Place Productions
Make Your Mirror Be Me,Bad Dukes Theatre
Make Yourself at Home,At Home Productions
Man or Bear,Katie Hurley and Sarah Hehir in association with Croydonites
"A Man Proposes to a Balloon, or Possibly Something Worse",Mark Daniels Writer
The Man Who Said Too Much,Eoin Carney presents
The Man Who Thought He Knew Too Much,Voloz Collective
Mandy: Prince of Darkness,Richard Stirling
MAN!FEST: The Drag Boyband Musical,"OnTheNose Productions, Chichester Festival Theatre and Pleasance"
Marjolein Robertson: Shetland Folklore,Marjolein Robertson and Off the Kerb Productions
Mark Vigeant: OUT THERE,Mark Vigeant
Martin Luther: Not For Sale,Miller College of the Bible Drama Team
Max Olesker: Making the Cut,Soho Theatre
Mayflies,Grid Iron
Me and the D.O.G,El Kiley
Measure for Measure,Liahona Theatre Department
Meet Mayor Max,"Alex Robins, Theatre Royal Plymouth and Pleasance"
"Metamorphosis (Has the world changed, or is it just me?)",The Morton Players (Guildford High School)
Meteors,The CRAM Collective
A Microscopic Odyssey,Mycelium Theatre Company
A Midsummer Night's Dream,Greene Shoots Theatre Company
Mind The Gap Year,Wabi-Sabi Productions
Misfortunes of a Spy and Her Mystic,Spirit Freak in Association with Fringe Management
Miss Thing Midsummer!,CMU Center for New Work & Play On Shakespeare
Milkdrunk,Cathleen O'Malley
Mind Full,Mon Espoir
Mind the Gap,The Snap Collective
Mistakes Were Made: Shiver Me Timbers!,Bottoms Up Theatre
Mister Jackpot,Nike Redding (Tom Corradini Teatro)
MNÁ (women),Suaimhneas Theatre Company
Mohan: A Partition Story,Niall Moorjani in association with Jasmine Cole Productions
Monster Made,Strickland Scenic Adventure / Alex van Ric / Astrid Gutscher
Morning Sauna Rave,Sauna Sessions Arts Club
"A Morning ""Tease"" Break with Queenie",The Palimpsisters
More Myself Than I Am,Talking Shadows Theatre
Morna Burdon: Bonnie Fechters,Morna Burdon
Morna Burdon: Gie's Peace,Morna Burdon
Morna Burdon: The Sound of My Own Voice,Morna Burdon
Mortal Sin,Benjamin Reilly
Most of My Moms Are Gay,Abby Goldfarb
Moth and Dog Are Dying to Get Out,STAAT Productions
"Mother, Maiden and Crone","Mother, Maiden and Crone Productions"
The Mothman Cometh,Whisper Theatre
Motorway,Daniel Cuckow and Abigail Sinclair
Mr Bergmann of Deadman's Point,Nth Degree Productions
Mrs Gary Breath,Blue Book Artist Management
Mrs Macbeth,Susanna Hamnett
Mrs Stern Wanders the Prussian State Library,"Luna Stage, Richard Jordan Productions in association with Traverse Theatre"
"Mummy’s Dead, Long Live Mummy!",Koël Purie Rinchet Mic
Murder at the Fringe 2,Edinburgh Little Theatre
My Beautiful Brain!,Hannah Rose Curtis
My Dead Mum's AI Boyfriend,Sali Adams
My Grandpa Doesn't Follow Me On Instagram,Yoz Mensch
My Life Is a Sonnet,Eric Weiner Inc. in association with Fringe Management LLC
"My Oh My, Mr Dream",Melody of Kin
My Screaming Pomegranates,Jingle Jiang
Mysteries of the Picts,Sauna Sessions Arts Club
The Mysterious Seelie Wight Women,Rag Curtain Theatre
Mythos: Ragnarök,Mythos Ragnarök
Naked SARA!,Deadword Theatre Company
A Nation Divided,Transforum Theatre
Nesting,Trolley Problem
Never Let Go: An Unauthorised Retelling of James Cameron's Titanic,Michael Kinnan
Never Not Murder,Salas Productions
The New Year,No Shoelaces Productions
The Next Chapter,Mermaids at the Fringe
The Night Ali Died,Raising Cain Productions
Night Falls on Burma,Issyman Productions in association with Forces at the Fringe
Night of the Fox,Aquila Youth Theatre
No Hard Felix,Egg Smash Productions
No Man's,Catawba College
No One Dies... Probably,Discount Disconnect
(No) Refunds,For the Fun
Nocturnal Is The New Sexy,By Esme Sharpington
NON HUMAN ANIMAL,Kat Woods
Nose Country for Old Men,"Mr Hollywood (New York, USA)"
Nosejob,Heads on Crooked
Not There Yet,Reynard Theatre
Noted,The Back Pack
Notes from a Narcissistic Negro and Other N Words,Elizabeth June and Theatre Beyond Broadway
Nothing Personal,Ally Ryan
Nude,Bacchanalia
Nude Parade (WIP),Creepy Boys
Numbers,City Youth Theatre
Nuns!,Dog Complex Theatre
"O Brave New World, That Has Such People In’t!",Mulberry Theatre Company
"Obsessive, Compulsive, Divine",Cambridge University Amateur Dramatic Club
An Ode to the Casting Director,Sophie Fisher
Of Mice And Men,Fringe Management
Off Script,Joanna Orlowska
Offgridland,Paul Richards / Shoulder Cat Productions
Olympic Hopefuls,in vivo Productions
Omaha,GP Productions
Once Upon a Wall Street,Ines Wurth Presents
One Hour Wedding,R and R Productions
One House on Brick Lane,Mulberry Theatre Company
One Hundred Voices,National Theatre of Scotland
One Man Poe: The Black Cat and The Raven,Threedumb Theatre
One Man Poe: The Business Man and The Case of M. Valdemar,Threedumb Theatre
One Man Poe: The Tell-Tale Heart and The Pit and the Pendulum,Threedumb Theatre
One Million Words,Ivo Müller and Blau Produções
One More Time,Angel Chan
A One-Woman Titanic Parody in 59 Minutes or Less,Bikini Katie Productions
Only Fans for Therapy,Verona Verbakel
The Only Man Who Won't F*ck Me,Catherine Taaffe Productions
Opening: A Dessert Place,NCUHS Drama Company
Operation Blank,George Grant
Operation Market Garden,Inspired Theatre
Operotica: Lovers in Every Lifetime,Operotica
An Opportunity in Kind,The Optimiserables
The Orchardist,Magdalen College School Drama
Ostrich,Pink Palace Productions
The Ostrich Principle,Kirsten Milliken / David Hughes
Othello,Prague Shakespeare Company
Otuz Bir,Nar Tiyatro Company
Our Martin in the Background,Mark Kydd
Our Other Organ,NoLands / Part of #DANISH
Our Town Needs A Nando's,Hot Mess Productions
Overtone,A North Wall production presented in association with Humphrey Battcock
Paddy Hill: Inside Out,Conor McClean
Padlocked!,Zinc Simian
"Paint, Vincent, Paint",Coffey Cup Theatre
The Painted Revolutionary,Tip Top Theatre Collective
Painting the Roses Red,Kalopsia Theatre
Pajama Talks,Ad Astra Productions
Paper Cuts (and other small tragedies),Emma and Evie Productions
Parasocial Activity,Gallus and Silly Mission Productions
[Parent]ified,Edinburgh Rep
Paris in a Jazz Age: The Memoirs of Eloise Defleur,The Hot Jazz Vagabonds
Parkies,Honey Badger Productions / Kerr Arts Collective
The Passion,The LAMPS Collective
Patient 13,Gail Thomas / Rhymes with Purple
Paywall,Neysa Killeen
A Pebble in the Road,Simon Stokes and Ingeborga Dapkunaite
Pecking Order,Double Edge Drama
Peggy Day,Double Edge Drama
The People in Our Lives,Jack Palmer
Persona,Namesake Theatre
Perudo,Marmalade Orbit Productions
Pews at Ten,Novem Ensemble
Phuckets and Rainbows,Lizzie Bean
Pierrepoint: The People's Hangman,No Frills Theatre Company
The Pigeon Factory,Oh!Scare Wilde Productions
Pigeon Syndrome,Broadly Speaking Productions
Pilate: The Lost Gospel,Written by Michael Punter featuring Maxwell Caulfield
Pilgrims,City Lit Drama
Pimm's Without the Cucumber,Lucas Kad
Pink Dolphin,Ashley McLean
Pink Rabbit,"Farah Ashraf, Mimi Martin and NAZAR ARTS"
Pip Utton's Farewell to Edinburgh Fringe: Bacon,Pip Utton
"Pip Utton's Farewell to Edinburgh Fringe: Before I Forget I Love You, I Love You",Pip Utton
Pip Utton's Farewell to Edinburgh Fringe: Hunchback of Notre Dames,Pip Utton
The Pitch,"Moya Jane Productions, Lyric Belfast and Pleasance"
"Planet of the Grapes – An Epic, Tabletop, Sci-Fi Adventure!","Peter Michael Marino for PM2 Entertainment, Richard Jordan Productions, Pleasance"
Plano,Edinburgh Graduate Theatre Group
Play Dead,Betyl Theatre
A Play on Words,Twilight Theatre Company
Playback,Euan Munro
Playlist,St Xavier High School
Plaything,Isabella Thompson
The Plot,theatregoose
The Pod,MM – Jon Betti and Gergana Galabova
The Poetical Life of Philomena McGuinness,Moon Rabbit Theatre
Portraits of Americana,APU Theater Arts
The Postcode Lottery,Bear-Faced Liars
The Powerpop Girls: A New Diva Religion,Locked In Thought Theatre Company
Primal Scream,Ines Wurth Presents
PrimeTime,Theatre with Teeth
The Problem,Twilight Theatre Company
The Problem With Kate Winslet's Dress,Switch Theatre in association with Centre Stage Theatre Company
Propaganda,Lund
Prophets,Jack MacGregor
The Proposal,Stirling University Drama Society (SUDS)
A Public Display of Affection,Jonathan Wilson / Rhymes with Purple
Punching Judy,SkinnedTeeth
Puttana,TeatroE ETS
Putting the Ass in Brass,Four Headed Dragon
Pyg,Sandcastles Productions
QFWFQ,"Gregory Nussen, Daniel Segura and Suzanna Rosenthal Productions"
Queen of The Empire,Sasha Snowdon
A Queen's Way,Napier University Drama Society
A Queer Little Murder,Savannah Hankinson
The Quiet Between,The Working Actor
Quinn’s Abyss,KQ-HQ (USA/UK)
R J: The Lost Children of Verona,The Barstow School Theatre Program
"Racists, Recessions and Revolutions",DBN Productions
Rattlepole! An Improv Shakespeare Show,Rattlepole!
Raves R Us,Naughty Corner Productions
Reaching The C,Ursula Leveaux
Rebellious Women,King's Company
The Red Shoes,Shiplake College
REDACTED: The Cover-Up of a Cover-Up of a Cover-Up,Voloz Collective
Reel to Real,Bedazzle Inclusive Productions
Reformer,Eddie Thornton
The RemAIns of the Butler,Mike McAlpine / Free Festival
"Remember, Remember!",WIT? Theatre Company and Pleasance
Reparations,Maryam Garad and Pleasance
Return to the Hiding Place,Searchlight Theatre Company
The Reunion,GaggleHouse (Scotland)
Rev Awdry: The Thomas the Tank Engine Man,Searchlight Theatre Company
Revelation,Los Angeles Theatre Initiative
Right before I go.,Feuille Dooley Productions
Rip Her to Shreds,Haston House
Robert Louis Stevenson: The Body Snatcher,Blue Orange Arts
Rockbeth,More The Merrier
Rockpools,Molly Windust
ROLEPLAY,Francesca Moody Productions and Global Creatures
Romeo and I,ToyHorse Theatre
Room 1219,Keystone Theatricals
ROOMIES,Julia Stephens
Roses To The Living,Pasuz Productions
Sabotage,Mayaswell Productions and Fool's House
Sacred Arts Festival Drama at St John’s Princes Street: Doctor Faustus,"Michael Daviot, Susan Chynoweth, Tim Barrow, Janet de Vigne"
Sad Bride,Charlotte Merriam
Safety,Light Mends Carefully
Salty Brine: HOW STRANGE IT IS (The Neutral Milk Hotel Show),The Living Record Collection and Soho Theatre
Sanctuary,Daniel Hinchliffe presents Jacob Sparrow's Debut Play
"Sarah McGuinness: Grit, Glitter and Gaslight",Dangerbag Productions
Sauna Sessions Arts Club – The Hottest Club in Town,Sauna Sessions Arts Club
Saving Britney,Fake Escape
Scaramouche Jones,Guy Masterson TTI in association with Passion Pit Theatre
A Seance Spectacular with the Mystical Medium Wolf Sisters from the Great White North,Ghosts Are Everywhere
See You Tomorrow,Beth Lindsey
The Séance Starter KitTM,Get Tae Collective
Searching for Robert Hennessey,Michael-Shaun Hennessey
The Seat of Me,Giulia A. Cryan
The Second Best School Shooting,Jessica Green Harrison / Matthew Lillard
Secrets Secrets Shhh!,Grumble Theatre
Seed,"Great Dayne Productions – Hollins University (Virginia, USA)"
Seeksaw,Pan Pan Collective
Seledka,Uliana Klimchuk and Lily Afghani
"Selkie: Past, Present, Future",Niall Moorjani / Ailsa Dixon
"Sex, Drugs and Conscious Souls",Cognitive Behavioural Theatre / PBH's Free Fringe
"Shadows, Mirrors, Echoes",Badminton School
Shakespeare Dice: As You Like It,Dacha Theatre
Shakespeare for Breakfast,C theatre
Shakespeare x 5,Hand Theatre
Shakespeare's Big Brother,Big Spirit Theatre Co
Shakespeare's Dead Dames,Academy of Expressive Arts (AEA Productions)
Shamaniac,Spirit Freak in association with Fringe Management and Walazama
Shatter Resistant,Isabelle Blanche
Sherlock Holmes: The Adventure of the Innsmouth Crown,Innsmouth Crown Productions
Sherlock Holmes: The Death and Life,Fringe Management
Sherlock Holmes: The Speckled Band,Blue Orange Arts
Shinjuku,Production Lines
Ships,Written by Mark Forrest /
The Shit Table,Don't Think Twice Theatre Company
Shotgunned,Kangaroo Court / Serpentine Productions
Silent Disco,Pique Theatre
A Simply Beastly Murder,Rachel E Thorn
Sims Holland: Learning to Human,Sims Holland
Sin-Eaters,Kent Place School
Sinatra: One Last Shot,Richard Shelton
The Singer,"Dundee Rep Theatre, Solar Bear collaborating with Aberdeen Performing Arts"
SINNER. A Musical Tragicomedy About Breaking Up With White Jesus,Marla Torgerson
The Sins of the Father,Cat Isaacs
Sire and Madge,Edinburgh University Theatre Company / Kitty Milk Theatre
Sissy Boy,Jake Bickford
Sister Sophia Kicks the Habit,The Universe Over 60
Sisters of the Seas,Acting Coach Scotland
Sitting (In Silence),Terracotta Productions
The Skarsgård Effect,Ellen Eklund
SLAY,Gilded Balloon
SLAYERS by Corinne Salisbury,RUPTURE
Slim for Life,Thirsty Theatre
Slugs,Patrick Bone Productions
Smile: The Charlie Chaplin Story,Marcel Cole
Soaked,"La'al Marra Productions, sponsored by Tidy Productions"
Sobremesa,Table 61 Productions
"Somewhere, In Between: A Play About Hope",Theatre for a Cause Geneva
Sonder,Queen Mary's Theatre Company
Space Cadet,Isabella Pettite
Spare Room,Blue Duck Theatre Company
The Speakeasy Experience,Pickering's Gin
The Spectacular Vermin Sisters: Taking Back What's Ratfully Ours,The Gorman Sisters
Spider Witches of Appalachia,Jenna Baer / PBH's Free Fringe
Spin Cycle,Berserk Theatre
SpinQueenTM,Megatron Inc
Spinster,Wildcard Stories
The Spy Network,Shooting Fish Theatre Company
Stand Up If You're Here Tonight,Rocking Chair Test Productions Presents The Huntington's Production
Stanislavski Can't Save Me From The Apocalypse,Living Room Productions
Star Vehicle,Created and performed by Giuliana Mancini
STAY,Ines Wurth Presents
Stay A Little Longer,Tom Foreman Productions
Stayin' Alive,"Victoria Oxley, One Madam Productions"
Steak Out,Ruaraidh Murray
Steve Burns: Alive,Benson Drive Productions
Strange Face: Adventures with a Lost Nick Drake Recording... The Story Continues,Michael Burdett
Sublimation,"Written and performed by Frank Murdocco, presented by Junto Entertainment"
The Subplot: A Hyperfixation on the Titan Submersible,Sophie Smyth and Quiet Riot
SUCCUBUS,Georgina Collins presented by Halfway Productions
Suitcase Show,Trick of the Light Theatre
Supposing...,Traverse Theatre Company
Surreally Good,Scott Turnbull
Swan Song,Jilted Bride Productions
Sweet,Edinburgh Graduate Theatre Group
Take Care,Late Shift Theatre
Taken,Talking Shadows
The Tale of the Original Jekyll and Hyde (Told by a Mad Hatter from Stockport),Tall History Tales
"The Tamer Tamed or, The Woman's Prize",Necessary Cat Limited
The Taming of the Shrew,Necessary Cat Limited
The Tao of Lloyd,Guy Masterson – TTI presents Dennis Trainor
Tap Out! (Or I'll Hit You Again),Croft & Dye Productions
Target Audience,Dan Bishop in association with Pleasance
Teen Spirit,Blackstar Productions
Temi Wilkey: Lover Girl,Soho Theatre in association with Bobby Harding
Ten Ways to Die Happy,"Sisifo Production, ERT – Emilia Romagna Teatro and Emanuele Aldrovandi"
Tenderly: The Life and Times of Nat King Cole,Duane Forrest Productions
Tether,Wonder Fools
That's Ace,Ray Productions
That's Why Mums Go to Switzerland,Clothes Line Productions
"Therapy ""R"" Us","Adrienne E. Foran, d-composing Ink"
There Was A Time,David Hanson
Thermodrama,Lovelock Productions
They're Just Small Town (Northern) Lads,Nathan Jonathan
Third Party,Brighter Dark Theatre
This Is How I Got Arrested...,Azaelia Slade and SLADE Productions
THIS IS NOT AMERICA: A Razor-Edge New Play To Start Your Day!,"Richard Jordan Productions and 412, Lawrence Batley Theatre, Pleasance"
This Is Not Hansel and Gretel,Christian Hege / PBH's Free Fringe
This Play Shouldn't Exist (and I Was Supposed to Be on Holiday),Tim Honnef / Jonas Müller
This Year I Am Going To Die,Turtle Hellion Production Company
"Three by Samuel Beckett – Not I, Eh Joe, Rockaby","Luciann Lajoie, Timothy McCracken; Blackbox Productions, McSquared"
The Three Marias,Voices Collective Company
Through the Shortbread Tin,National Theatre of Scotland
Thunderstruck,David Colvin
Tim Kenneth Kicks the Bucket,Kestrel Eye Productions
Tiny Planet,Half a String
Tit Talk,Naomi Johnson / PBH's Free Fringe
Titanic: The Last Hero and The Last Coward,Searchlight Theatre Company
TO BE FRANK,Michael Hockey / Charlotte Pleasants
To Do Lists,Rainy Day Theatre / Amy Lever
To My Wife's Next Lover,Dream Big Kid Productions
Toast,Jude Green
The Toe Poke,James Lowman
Tomatoes Tried to Kill Me but Banjos Saved My Life,Keith Alessi
Top GRRL! Pay Him to Peg You,C:C / PBH's Free Fringe
Top Gunchained,Seabright Live presents Richard Marsh directed by Hal Chambers
Trainspotting Live,King's Head and In Your Face presented by Seabright Live
A Traitors Pantomime,MTAO Productions
Trans People Are Awful,Ros Watt in Association with Camden People's Theatre
Transmission,Nelly Kelly and Sanctuary Queer Arts
Transmission: Into the Dark,"one step at a time like this, Richard Jordan, Traverse"
Treasure Island,BB&N Theater
The Trials of Magnus Coffinkey,Give or Take Productions
Troubled Waters,Corinne Harragin
"Trust Me, I’m a Doctor",The Magazine Studio Theatre
Turn the Cloth,Cutty Sark Theatre
"Turn the Screw, Tickety-Boo",Faceless Theatre and New Celts Productions
Turn Your F*cking Phones Off,Hannah Maxwell
Twelve Angry Men,Tower House School
TWITCH,Breaking the Binary Theatre
Two Halves,Muddrag Productions
Two Little Pigs,Patrick Bone Productions
Ulysses of Scranton,Scranton Fringe Festival
Uncorked,Ripple Theatre
The Understudy,Eva Seymour
Unearthed,Plush Tiger Productions
The Unforeseen Annoyances of Intimacy,"Cecile Fayter, Daniel Golding, Joseph Hollas and Rachel Simm"
The Unknown Soldier,Grist to the Mill Productions
The Unsolvable Case of Keir Starmer,Chasing Rainbows
Until Hope Fades Away,Theater and Performing Arts Commission
Until Spring Comes,Theatre By Chance
The Unwilling Accomplice,Pigeon Patter Productions
The Upwards Journey of a Champagne Bubble,All is Pink Productions
A Vacuum at the Centre,University of Manchester Drama Society
The Vagina Monologues,Drama Works (Parker & Snell)
The Vampire of Rio,Haysam Ali
Van Gogh Me,Jack Ellis
Verona Nights,Brenau University
The Very Best of Tommy Cooper – Just Like That!,Daniel Taylor Productions
Very Funny,Fat and Dumb
Very Sad,Fat and Dumb
Very Cheap,Fat and Dumb
Via Dolorosa by David Hare,Gary Hay of Chasing Rainbows
Vincent van Gogh: Between Worlds,Andy Jordan Productions and HTP Productions
Voltei,Tropodora
A Volume of Smoke,Henrico High School
Waiting for a Call,Raimi Trilogy Productions
Waiting For Elvis,Plush Tiger Productions
Waiting For The Match (Duet Version),iStage Theatre Limited
Waiting for Wonka,Half Trick Theatre
Wallace,Edinburgh Little Theatre
War of the Worlds (On a Budget),Lamphouse Theatre
Waving,Dogs in Wellies
We Are All Florida Man,Lubna Kerr and Kerr Arts Collective
WE ARE IAN,IN BED WITH MY BROTHER & Pleasance
We Had Fun,Emmeline Hartley and Jack Mullings
We Have a Dream,Fast Snail Productions
We Love and Then We Drown,City Lit Drama
The Wester Ross Story Club,Coraghy Lane Productions
We Were Sisters,Julia Van Praagh and Tigs Edwards
We Will Hear The Angels,Magnetic North
The Wedding Date,Sera Mustafa and Orla Tagg
WENCH,Felix Le Freak
Werewolf,Binge Culture
The Wetness,Mummy's Plastic
We've Got Time,Bean's Garden LLC
Whale Fall or Song to Dance With My Death,Bruna Longo
What Happened Here,Written by Lisah Graziano
What Happens in the Dark,Identity Crisis Productions
What I Am,Northern Partners
Whatever Happened To That Guy?,Maybe You Like It
What's Rotting in the Office Fridge?,Inksplat Theatre Company
"What's the Craic, God?",Rebecca Donovan
When The Tide Comes In,Hungry Wolf Visionary Youth Theatre
When Vincent Met John,Malvernbard
When We Were Young,Geez a Break Productions
When You Are a Tick,Fair Love Collective
"Wherefore Art Thou, Woman-Hater?",Acting Speaks Louder
Who We Become: Breakfast at the Track / A Poster of the Cosmos by Lanford Wilson,Deep Flight Productions
Who We Become: The Moonshot Tape by Lanford Wilson,Deep Flight Productions
Whoever Has Ears To Hear,Errol McGlashan / Word On The Kerb
Witches Corner,Encapulus Productions
Whose Play Is It Anyway?,The Wharf Theatre Company
Widow,Joanna Lowe with Cup-A-Jo Productions
Wiener Beacon,Sheer Hysterics
Wiesenthal,NJNG Productions & Seabright Live
William Street,The Fifth Act Company
The Witches of Macbeth,Inanna's Children
With the Possible Exception of Abraham Lincoln,The Producers
The Wolf of Poyais,Blue Bar
A Wolf Shall Devour the Sun,Dougie Mackay / Jemima Thewes
A Woman in Berlin 1945,Magda Pohl (Tom Corradini Teatro)
The Woman in the Box,Fragments Theatre Group
The Woman in the Mirror,Blue Squirrel Productions and Suzanna Rosenthal Productions
Woman Seeking Cuddles,Hannah Strauss
Women of Will,"Tina Packer, Ella Loudon, Paul-Lou Lemieux"
Woodcutter,John Anthony Gorman
Woodhill,LUNG
Woyzeck,Exeter University Theatre Company
Wrap Party,You Guys Productions
The Wreck,Buzzcut Productions
The Yellow Wallpaper,The Yellow Wallpaper
You and Me (and Whoever Comes Next),Patch of Blue and 3hc
You Are What You Eat,Beautiful Death Theatre Company
You Come From a Long Line of Shallow People,Joanne Green
You Sou,Embuscada (Portugal) and Meraki Theatre (USA)
You Talkin' to Us?,Authentically False Productions
A Young Man Dressed As A Gorilla Dressed As An Old Man Sits Rocking In A Rocking Chair For Fifty-Six Minutes And Then Leaves...17,AYMDAAGDAAOMSRIARCF56MATL /
Your Therapist Is Clueless,Nathaniel Tresise
Youth in Flames – Winner: Scotsman Fringe First Award,Dare Theatre and Richard Jordan
